source,repo,log_path,config_path,dataset,method,num_tasks,final_top1,aaa,forgetting,top1_curve,top5_curve,modified_epoch,duplicate_count,all_log_paths
cuda6,.cursor-server,.cursor-server/data/User/History/-17249921/yADm.log,./exps/k_cms_sdlora_c100.json,cifar224,k_cms_sdlora_c100,10,84.670000,90.424000,7.011111,98.300000;95.800000;93.370000;92.250000;90.580000;88.800000;88.890000;86.320000;85.260000;84.670000,100.000000;99.750000;99.470000;99.320000;99.140000;98.880000;98.870000;98.620000;98.360000;98.160000,1781608167,2,.cursor-server/data/User/History/-17249921/yADm.log | SD-Lora-CL-2/k-cms-cluster=2_recent=2.log
cuda6,.cursor-server,.cursor-server/data/User/History/511f5801/9p68.log,./exps/cms_sdlora_orthogonalize_c100.json,cifar224,cms_sdlora_orthogonalize_c100,10,85.500000,90.292000,7.044444,97.700000;95.100000;93.800000;92.220000;90.340000;88.600000;88.490000;85.980000;85.190000;85.500000,100.000000;99.550000;99.330000;99.000000;98.900000;98.580000;98.600000;98.340000;98.170000;98.000000,1781678871,3,.cursor-server/data/User/History/511f5801/9p68.log | SD-Lora-CL-2/cms_sdlora_orthogonalize_c100_0.3.log | SD-Lora-CL-2/logs/cms_sdlora/cifar224/0/10/cms_sdlora_orthogonalize_1993_vit_base_patch16_224.log
cuda6,.cursor-server,.cursor-server/data/User/History/b87b057/r8za.log,./exps/k_cms_sdlora_kmergepp_s02_c100.json,cifar224,k_cms_sdlora_kmergepp_s02_c100,10,86.800000,91.484000,7.277778,98.300000;96.050000;94.470000;92.900000;91.640000;89.030000;90.110000;88.120000;87.420000;86.800000,100.000000;99.750000;99.570000;99.400000;99.380000;98.980000;99.160000;99.040000;98.770000;98.400000,1781748150,3,.cursor-server/data/User/History/b87b057/r8za.log | SD-Lora-CL-2/k_cms_kmergepp_s02_c100_recent=0_k=4.log | SD-Lora-CL-2/logs/k_cms_sdlora/cifar224/0/10/k_cms_sdlora_kmergepp_s02_1993_vit_base_patch16_224.log
cuda6,SD-Lora-CL,SD-Lora-CL/c100_p2_abl_c_frozen_a_seed1993_nccl.log,./exps/c100_p2_abl_c_frozen_a_seed1993_nccl.json,cifar224,c100_p2_abl_c_frozen_a_seed1993_nccl,10,88.260000,92.119000,7.777778,99.200000;96.650000;93.770000;93.000000;92.320000;90.880000;90.910000;88.660000;87.540000;88.260000,100.000000;99.800000;99.400000;99.350000;99.380000;99.000000;99.030000;98.990000;98.540000;98.690000,1786399492,2,SD-Lora-CL/c100_p2_abl_c_frozen_a_seed1993_nccl.log | SD-Lora-CL/logs/sa_sdlora/cifar224/0/10/c100_p2_abl_c_frozen_a_seed1993_nccl_1993_vit_base_patch16_224.log
cuda6,SD-Lora-CL,SD-Lora-CL/c100_p2_exp009_seed1993_nccl.log,./exps/c100_p2_exp009_seed1993_nccl.json,cifar224,c100_p2_exp009_seed1993_nccl,10,88.370000,92.042000,8.333333,98.300000;96.600000;94.530000;93.720000;92.400000;90.170000;91.010000;87.900000;87.420000;88.370000,99.900000;99.700000;99.430000;99.300000;99.380000;98.770000;99.070000;98.900000;98.660000;98.820000,1786262602,2,SD-Lora-CL/c100_p2_exp009_seed1993_nccl.log | SD-Lora-CL/logs/sa_sdlora/cifar224/0/10/c100_p2_exp009_seed1993_nccl_1993_vit_base_patch16_224.log
cuda6,SD-Lora-CL,SD-Lora-CL/c100_p2_hbd_seed1993_nccl.log,./exps/c100_p2_hbd_seed1993_nccl.json,cifar224,c100_p2_hbd_seed1993_nccl,10,87.820000,92.176000,6.155556,99.200000;95.650000;94.170000;93.400000;92.140000;91.550000;90.910000;88.720000;88.200000;87.820000,100.000000;99.750000;99.470000;99.380000;99.420000;98.980000;98.990000;98.920000;98.740000;98.630000,1786393755,2,SD-Lora-CL/c100_p2_hbd_seed1993_nccl.log | SD-Lora-CL/logs/sa_sdlora/cifar224/0/10/c100_p2_hbd_seed1993_nccl_1993_vit_base_patch16_224.log
cuda6,SD-Lora-CL,SD-Lora-CL/c100_p2_livea_dual_b_seed1993_nccl.log,./exps/c100_p2_livea_dual_b_seed1993_nccl.json,cifar224,c100_p2_livea_dual_b_seed1993_nccl,10,88.320000,91.856000,8.233333,99.200000;96.650000;93.830000;93.150000;92.020000;89.870000;90.690000;87.740000;87.090000;88.320000,100.000000;99.850000;99.430000;99.350000;99.480000;98.720000;98.960000;98.860000;98.480000;98.770000,1786253366,2,SD-Lora-CL/c100_p2_livea_dual_b_seed1993_nccl.log | SD-Lora-CL/logs/sa_sdlora/cifar224/0/10/c100_p2_livea_dual_b_seed1993_nccl_1993_vit_base_patch16_224.log
cuda6,SD-Lora-CL,SD-Lora-CL/c100_p2_sdlora_seed1993_nccl.log,./exps/c100_p2_sdlora_seed1993_nccl.json,cifar224,c100_p2_sdlora_seed1993_nccl,10,87.000000,91.998000,5.633333,98.600000;96.850000;94.830000;94.050000;91.780000;90.400000;90.470000;88.580000;87.420000;87.000000,100.000000;99.750000;99.570000;99.400000;99.360000;99.180000;99.190000;99.060000;98.890000;98.710000,1786257827,2,SD-Lora-CL/c100_p2_sdlora_seed1993_nccl.log | SD-Lora-CL/logs/sdlora/cifar224/0/10/c100_p2_sdlora_seed1993_nccl_1993_vit_base_patch16_224.log
cuda6,SD-Lora-CL,SD-Lora-CL/c100_p4_rank1_sdlora_seed1993_nccl.log,./exps/c100_p4_rank1_sdlora_seed1993_nccl.json,cifar224,c100_p4_rank1_sdlora_seed1993_nccl,10,87.730000,92.201000,5.688889,98.800000;95.950000;94.500000;93.920000;92.700000;91.080000;90.510000;88.480000;88.340000;87.730000,100.000000;99.750000;99.600000;99.520000;99.460000;98.920000;98.840000;98.820000;98.590000;98.460000,1786409882,2,SD-Lora-CL/c100_p4_rank1_sdlora_seed1993_nccl.log | SD-Lora-CL/logs/sdlora_dual_b/cifar224/0/10/c100_p4_rank1_sdlora_seed1993_nccl_1993_vit_base_patch16_224.log
cuda6,SD-Lora-CL,SD-Lora-CL/class_proto_routed_sdlora_inr_seed1995.log,./exps/class_proto_routed_sdlora_inr_seed1995.json,imagenetr,class_proto_routed_sdlora_inr_seed1995,10,67.340000,75.279000,10.966667,94.380000;84.400000;79.300000;75.010000;73.650000;72.030000;69.950000;68.970000;67.760000;67.340000,98.280000;97.030000;91.450000;87.090000;84.560000;81.500000;79.380000;78.270000;76.730000;76.240000,1785846764,2,SD-Lora-CL/class_proto_routed_sdlora_inr_seed1995.log | SD-Lora-CL/logs/class_proto_routed_sdlora/imagenetr/0/20/class_proto_routed_sdlora_inr_seed1995_1995_vit_base_patch16_224.log
cuda6,SD-Lora-CL,SD-Lora-CL/exp009_freeze_old_scale_inr_seed1995.log,./exps/exp009_freeze_old_scale_inr_seed1995.json,imagenetr,exp009_freeze_old_scale_inr_seed1995,10,79.380000,82.158000,7.108889,91.420000;85.540000;83.770000;82.150000;81.330000;81.530000;78.590000;79.120000;78.750000;79.380000,98.440000;95.210000;94.810000;94.680000;93.830000;92.960000;92.380000;91.980000;91.540000;92.510000,1786097175,2,SD-Lora-CL/exp009_freeze_old_scale_inr_seed1995.log | SD-Lora-CL/logs/sa_sdlora/imagenetr/0/20/exp009_freeze_old_scale_inr_seed1995_1995_vit_base_patch16_224.log
cuda6,SD-Lora-CL,SD-Lora-CL/hbd_smoke_c100_seed1_nccl.log,./exps/hbd_smoke_c100_seed1.json,cifar224,hbd_smoke_c100_seed1,2,87.060000,90.370000,8.540000,93.680000;87.060000,99.360000;98.200000,1786388038,2,SD-Lora-CL/hbd_smoke_c100_seed1_nccl.log | SD-Lora-CL/logs/sa_sdlora/cifar224/0/50/hbd_smoke_c100_seed1_1_vit_base_patch16_224.log
cuda6,SD-Lora-CL,SD-Lora-CL/inr_p1_abl_c_frozen_a_seed1995_nccl.log,./exps/inr_p1_abl_c_frozen_a_seed1995_nccl.json,imagenetr,inr_p1_abl_c_frozen_a_seed1995_nccl,10,78.310000,83.030000,6.308889,92.360000;87.440000;86.220000;83.480000;82.850000;82.130000;79.970000;79.560000;77.980000;78.310000,98.440000;97.490000;96.080000;94.830000;94.690000;93.370000;92.620000;92.300000;91.610000;91.700000,1786402429,2,SD-Lora-CL/inr_p1_abl_c_frozen_a_seed1995_nccl.log | SD-Lora-CL/logs/sa_sdlora/imagenetr/0/20/inr_p1_abl_c_frozen_a_seed1995_nccl_1995_vit_base_patch16_224.log
cuda6,SD-Lora-CL,SD-Lora-CL/inr_p1_exp009_seed1995_nccl.log,./exps/inr_p1_exp009_seed1995_nccl.json,imagenetr,inr_p1_exp009_seed1995_nccl,10,78.740000,82.326000,6.892222,90.640000;86.150000;84.640000;82.300000;81.860000;81.770000;79.880000;79.840000;77.440000;78.740000,98.440000;96.270000;95.470000;94.720000;94.160000;93.320000;92.880000;92.410000;90.770000;92.280000,1786249891,2,SD-Lora-CL/inr_p1_exp009_seed1995_nccl.log | SD-Lora-CL/logs/sa_sdlora/imagenetr/0/20/inr_p1_exp009_seed1995_nccl_1995_vit_base_patch16_224.log
cuda6,SD-Lora-CL,SD-Lora-CL/inr_p1_livea_control_seed1995_nccl.log,./exps/inr_p1_livea_control_seed1995_nccl.json,imagenetr,inr_p1_livea_control_seed1995_nccl,10,78.840000,82.152000,6.683333,90.330000;85.460000;84.590000;82.150000;81.790000;81.750000;79.520000;79.600000;77.490000;78.840000,98.440000;96.040000;96.030000;94.680000;94.100000;93.370000;92.590000;92.280000;90.920000;92.300000,1786227391,3,SD-Lora-CL/inr_p1_livea_control_seed1995_nccl.log | SD-Lora-CL/inr_p1_livea_control_seed1995_nccl.presdlorafix.log | SD-Lora-CL/logs/sa_sdlora/imagenetr/0/20/inr_p1_livea_control_seed1995_nccl_1995_vit_base_patch16_224.log
cuda6,SD-Lora-CL,SD-Lora-CL/inr_p1_livea_dual_b_seed1995_nccl.log,./exps/inr_p1_livea_dual_b_seed1995_nccl.json,imagenetr,inr_p1_livea_dual_b_seed1995_nccl,10,78.840000,83.067000,6.624444,92.360000;87.670000;86.570000;83.820000;83.050000;81.750000;79.520000;79.600000;77.490000;78.840000,98.440000;97.410000;95.980000;94.800000;94.590000;93.370000;92.590000;92.280000;90.920000;92.300000,1786230305,3,SD-Lora-CL/inr_p1_livea_dual_b_seed1995_nccl.log | SD-Lora-CL/inr_p1_livea_dual_b_seed1995_nccl.presdlorafix.log | SD-Lora-CL/logs/sa_sdlora/imagenetr/0/20/inr_p1_livea_dual_b_seed1995_nccl_1995_vit_base_patch16_224.log
cuda6,SD-Lora-CL,SD-Lora-CL/inr_p1_rank1_sdlora_seed1995_nccl.log,./exps/inr_p1_rank1_sdlora_seed1995_nccl.json,imagenetr,inr_p1_rank1_sdlora_seed1995_nccl,10,76.280000,82.251000,6.751111,90.800000;87.670000;86.670000;85.040000;83.010000;80.680000;78.450000;77.240000;76.670000;76.280000,98.130000;96.800000;95.780000;95.780000;94.920000;93.100000;91.860000;91.330000;90.320000;90.410000,1786413906,2,SD-Lora-CL/inr_p1_rank1_sdlora_seed1995_nccl.log | SD-Lora-CL/logs/sdlora_dual_b/imagenetr/0/20/inr_p1_rank1_sdlora_seed1995_nccl_1995_vit_base_patch16_224.log
cuda6,SD-Lora-CL,SD-Lora-CL/inr_p1_sdlora_seed1995_nccl.log,./exps/inr_p1_sdlora_seed1995_nccl.json,imagenetr,inr_p1_sdlora_seed1995_nccl,10,77.940000,82.898000,6.530000,91.730000;88.200000;85.610000;83.860000;82.520000;81.660000;80.070000;79.350000;78.040000;77.940000,98.600000;97.560000;96.080000;95.100000;94.330000;94.000000;93.240000;92.960000;92.020000;91.750000,1786233890,2,SD-Lora-CL/inr_p1_sdlora_seed1995_nccl.log | SD-Lora-CL/logs/sdlora/imagenetr/0/20/inr_p1_sdlora_seed1995_nccl_1995_vit_base_patch16_224.log
cuda6,SD-Lora-CL,SD-Lora-CL/k4_anchor_c100.log,./exps/k4_anchor_c100.json,cifar224,k4_anchor_c100,10,86.620000,91.568000,5.622222,99.100000;96.050000;93.730000;93.150000;91.400000;89.880000;90.210000;88.220000;87.320000;86.620000,100.000000;99.750000;99.470000;99.380000;99.440000;99.180000;99.140000;99.020000;98.760000;98.570000,1782218681,2,SD-Lora-CL/k4_anchor_c100.log | SD-Lora-CL/logs/k_cms_sdlora/cifar224/0/10/k4_anchor_c100_1993_vit_base_patch16_224.log
cuda6,SD-Lora-CL,SD-Lora-CL/k4_anchor_rank15_c100.log,./exps/k4_anchor_rank15_c100.json,cifar224,k4_anchor_rank15_c100,10,85.390000,91.513000,6.822222,99.200000;96.100000;93.670000;93.180000;91.440000;90.050000;90.140000;88.420000;87.540000;85.390000,100.000000;99.700000;99.470000;99.350000;99.440000;99.230000;99.160000;99.060000;98.800000;98.090000,1785866489,2,SD-Lora-CL/k4_anchor_rank15_c100.log | SD-Lora-CL/logs/k_cms_sdlora/cifar224/0/10/k4_anchor_rank15_c100_1993_vit_base_patch16_224.log
cuda6,SD-Lora-CL,SD-Lora-CL/k4_anchor_recent2_c100.log,./exps/k4_anchor_recent2_c100.json,cifar224,k4_anchor_recent2_c100,10,86.390000,91.321000,6.366667,99.100000;96.250000;94.030000;93.250000;91.300000;89.650000;90.140000;87.540000;85.560000;86.390000,100.000000;99.750000;99.470000;99.400000;99.420000;99.120000;99.110000;98.960000;98.290000;98.490000,1785872709,2,SD-Lora-CL/k4_anchor_recent2_c100.log | SD-Lora-CL/logs/k_cms_sdlora/cifar224/0/10/k4_anchor_recent2_c100_1993_vit_base_patch16_224.log
cuda6,SD-Lora-CL,SD-Lora-CL/k4_anchor_scale_weighted_c100.log,./exps/k4_anchor_scale_weighted_c100.json,cifar224,k4_anchor_scale_weighted_c100,10,86.290000,91.547000,5.955556,99.300000;96.100000;93.770000;93.200000;91.420000;89.980000;90.090000;88.300000;87.020000;86.290000,100.000000;99.750000;99.500000;99.400000;99.460000;99.270000;99.110000;98.980000;98.690000;98.500000,1785861536,2,SD-Lora-CL/k4_anchor_scale_weighted_c100.log | SD-Lora-CL/logs/k_cms_sdlora/cifar224/0/10/k4_anchor_scale_weighted_c100_1993_vit_base_patch16_224.log
cuda6,SD-Lora-CL,SD-Lora-CL/k4_bwscale_c100_rerun.log,./exps/k4_bwscale_c100.json,cifar224,k4_bwscale_c100,10,86.030000,91.349000,5.722222,99.300000;96.200000;93.500000;93.220000;91.380000;90.150000;89.340000;87.780000;86.590000;86.030000,100.000000;99.750000;99.400000;99.250000;99.400000;99.200000;99.030000;98.860000;98.470000;98.320000,1782360199,2,SD-Lora-CL/k4_bwscale_c100_rerun.log | SD-Lora-CL/logs/k_cms_sdlora/cifar224/0/10/k4_bwscale_c100_1993_vit_base_patch16_224.log
cuda6,SD-Lora-CL,SD-Lora-CL/k4_clshared6_hardcap_bwscale_c100.log,./exps/k4_clshared6_hardcap_bwscale_c100.json,cifar224,k4_clshared6_hardcap_bwscale_c100,10,86.280000,91.123000,6.211111,99.200000;96.400000;93.630000;92.400000;90.760000;89.420000;89.630000;87.290000;86.220000;86.280000,100.000000;99.800000;99.570000;99.350000;99.380000;99.250000;99.110000;99.010000;98.760000;98.710000,1783004658,2,SD-Lora-CL/k4_clshared6_hardcap_bwscale_c100.log | SD-Lora-CL/logs/k_cms_sdlora/cifar224/0/10/k4_clshared6_hardcap_bwscale_c100_1993_vit_base_patch16_224.log
cuda6,SD-Lora-CL,SD-Lora-CL/k4_hardcap_anchor_bwscale_c100_rerun.log,./exps/k4_hardcap_anchor_bwscale_c100.json,cifar224,k4_hardcap_anchor_bwscale_c100,10,85.660000,91.339000,6.655556,99.200000;96.050000;93.500000;92.920000;91.120000;89.820000;89.890000;88.260000;86.970000;85.660000,100.000000;99.750000;99.470000;99.300000;99.360000;99.180000;99.140000;99.060000;98.680000;98.310000,1782367399,2,SD-Lora-CL/k4_hardcap_anchor_bwscale_c100_rerun.log | SD-Lora-CL/logs/k_cms_sdlora/cifar224/0/10/k4_hardcap_anchor_bwscale_c100_1993_vit_base_patch16_224.log
cuda6,SD-Lora-CL,SD-Lora-CL/k4_hardcap_bwscale_c100_rerun.log,./exps/k4_hardcap_bwscale_c100.json,cifar224,k4_hardcap_bwscale_c100,10,86.580000,91.469000,5.433333,99.400000;96.150000;93.400000;93.050000;91.460000;90.250000;89.310000;87.810000;87.280000;86.580000,100.000000;99.650000;99.430000;99.300000;99.360000;99.230000;98.970000;98.880000;98.600000;98.500000,1782363852,2,SD-Lora-CL/k4_hardcap_bwscale_c100_rerun.log | SD-Lora-CL/logs/k_cms_sdlora/cifar224/0/10/k4_hardcap_bwscale_c100_1993_vit_base_patch16_224.log
cuda6,SD-Lora-CL,SD-Lora-CL/k4_hardcap_c100.log,./exps/k4_hardcap_c100.json,cifar224,k4_hardcap_c100,10,85.970000,91.391000,6.166667,99.200000;96.150000;93.770000;93.150000;91.340000;89.920000;89.360000;87.990000;87.060000;85.970000,100.000000;99.750000;99.470000;99.400000;99.440000;99.220000;99.030000;99.040000;98.760000;98.370000,1782212911,2,SD-Lora-CL/k4_hardcap_c100.log | SD-Lora-CL/logs/k_cms_sdlora/cifar224/0/10/k4_hardcap_c100_1993_vit_base_patch16_224.log
cuda6,SD-Lora-CL,SD-Lora-CL/live_a_aggregate_b_c100_seed1.log,./exps/live_a_aggregate_b_c100_seed1.json,cifar224,live_a_aggregate_b_c100_seed1,10,87.550000,91.629000,9.544444,98.900000;96.550000;94.430000;92.620000;91.180000;91.170000;89.440000;88.540000;85.910000;87.550000,100.000000;99.800000;99.630000;99.380000;99.180000;98.980000;98.840000;98.790000;98.370000;98.430000,1786114421,2,SD-Lora-CL/live_a_aggregate_b_c100_seed1.log | SD-Lora-CL/logs/sa_sdlora/cifar224/0/10/live_a_aggregate_b_c100_seed1_1_vit_base_patch16_224.log
cuda6,SD-Lora-CL,SD-Lora-CL/live_a_aggregate_b_c100_seed1993.log,./exps/live_a_aggregate_b_c100_seed1993.json,cifar224,live_a_aggregate_b_c100_seed1993,10,88.320000,91.985000,8.188889,98.300000;96.200000;94.530000;93.820000;92.100000;90.620000;90.700000;87.980000;87.280000;88.320000,100.000000;99.700000;99.400000;99.480000;99.400000;98.880000;99.070000;98.910000;98.560000;98.790000,1786107034,2,SD-Lora-CL/live_a_aggregate_b_c100_seed1993.log | SD-Lora-CL/logs/sa_sdlora/cifar224/0/10/live_a_aggregate_b_c100_seed1993_1993_vit_base_patch16_224.log
cuda6,SD-Lora-CL,SD-Lora-CL/live_a_aggregate_b_c100_seed2.log,./exps/live_a_aggregate_b_c100_seed2.json,cifar224,live_a_aggregate_b_c100_seed2,10,87.800000,91.335000,8.755556,98.500000;97.600000;92.800000;91.500000;91.300000;90.220000;88.670000;87.560000;87.400000;87.800000,100.000000;99.850000;99.700000;99.500000;99.500000;99.130000;98.960000;98.890000;98.760000;98.710000,1786117110,2,SD-Lora-CL/live_a_aggregate_b_c100_seed2.log | SD-Lora-CL/logs/sa_sdlora/cifar224/0/10/live_a_aggregate_b_c100_seed2_2_vit_base_patch16_224.log
cuda6,SD-Lora-CL,SD-Lora-CL/live_a_aggregate_b_c100_seed3.log,./exps/live_a_aggregate_b_c100_seed3.json,cifar224,live_a_aggregate_b_c100_seed3,10,88.140000,91.247000,8.500000,98.900000;96.350000;93.600000;92.950000;90.140000;89.100000;87.760000;87.550000;87.980000;88.140000,99.900000;99.900000;99.630000;99.550000;99.100000;98.820000;98.990000;98.690000;98.710000;98.710000,1786119801,2,SD-Lora-CL/live_a_aggregate_b_c100_seed3.log | SD-Lora-CL/logs/sa_sdlora/cifar224/0/10/live_a_aggregate_b_c100_seed3_3_vit_base_patch16_224.log
cuda6,SD-Lora-CL,SD-Lora-CL/live_a_aggregate_b_inr_seed1.log,./exps/live_a_aggregate_b_inr_seed1.json,imagenetr,live_a_aggregate_b_inr_seed1,10,78.830000,82.795000,6.960000,90.850000;87.890000;86.160000;83.550000;83.140000;81.100000;79.000000;78.590000;78.840000;78.830000,98.060000;95.940000;94.680000;94.380000;93.650000;92.960000;92.830000;92.410000;92.430000;92.150000,1786108718,2,SD-Lora-CL/live_a_aggregate_b_inr_seed1.log | SD-Lora-CL/logs/sa_sdlora/imagenetr/0/20/live_a_aggregate_b_inr_seed1_1_vit_base_patch16_224.log
cuda6,SD-Lora-CL,SD-Lora-CL/live_a_aggregate_b_inr_seed1995.log,./exps/live_a_aggregate_b_inr_seed1995.json,imagenetr,live_a_aggregate_b_inr_seed1995,10,79.640000,82.102000,6.667778,90.950000;85.010000;83.570000;82.340000;81.630000;81.660000;78.540000;79.270000;78.410000;79.640000,98.280000;95.360000;94.610000;94.720000;93.900000;93.100000;92.190000;91.840000;91.500000;92.560000,1786098685,2,SD-Lora-CL/live_a_aggregate_b_inr_seed1995.log | SD-Lora-CL/logs/sa_sdlora/imagenetr/0/20/live_a_aggregate_b_inr_seed1995_1995_vit_base_patch16_224.log
cuda6,SD-Lora-CL,SD-Lora-CL/live_a_aggregate_b_inr_seed1995_diag2.log,./exps/live_a_aggregate_b_inr_seed1995_diag2.json,imagenetr,live_a_aggregate_b_inr_seed1995_diag2,10,79.430000,81.988000,7.075556,90.800000;85.310000;83.470000;82.300000;81.230000;81.450000;78.540000;79.030000;78.320000;79.430000,98.440000;95.430000;94.760000;94.800000;94.000000;92.960000;92.450000;92.010000;91.460000;92.400000,1786100723,2,SD-Lora-CL/live_a_aggregate_b_inr_seed1995_diag2.log | SD-Lora-CL/logs/sa_sdlora/imagenetr/0/20/live_a_aggregate_b_inr_seed1995_diag2_1995_vit_base_patch16_224.log
cuda6,SD-Lora-CL,SD-Lora-CL/live_a_aggregate_b_inr_seed2.log,./exps/live_a_aggregate_b_inr_seed2.json,imagenetr,live_a_aggregate_b_inr_seed2,10,79.140000,82.076000,8.647778,87.760000;84.080000;83.220000;83.090000;83.050000;81.250000;80.570000;79.060000;79.540000;79.140000,96.840000;94.810000;93.970000;93.930000;93.900000;92.970000;93.080000;92.050000;92.520000;92.480000,1786110229,2,SD-Lora-CL/live_a_aggregate_b_inr_seed2.log | SD-Lora-CL/logs/sa_sdlora/imagenetr/0/20/live_a_aggregate_b_inr_seed2_2_vit_base_patch16_224.log
cuda6,SD-Lora-CL,SD-Lora-CL/live_a_aggregate_b_inr_seed3.log,./exps/live_a_aggregate_b_inr_seed3.json,imagenetr,live_a_aggregate_b_inr_seed3,10,78.340000,82.926000,9.130000,92.290000;88.640000;84.230000;82.410000;82.740000;81.320000;80.570000;80.330000;78.390000;78.340000,98.990000;96.970000;94.670000;94.440000;94.400000;93.550000;92.880000;92.620000;92.160000;91.880000,1786111738,2,SD-Lora-CL/live_a_aggregate_b_inr_seed3.log | SD-Lora-CL/logs/sa_sdlora/imagenetr/0/20/live_a_aggregate_b_inr_seed3_3_vit_base_patch16_224.log
cuda6,SD-Lora-CL,SD-Lora-CL/live_a_aggregate_b_smoke_inr_seed1995.log,./exps/live_a_aggregate_b_smoke_inr_seed1995.json,imagenetr,live_a_aggregate_b_smoke_inr_seed1995,10,64.700000,71.856000,9.673333,80.500000;76.330000;77.010000;75.350000;69.360000;71.410000;69.060000;68.040000;66.800000;64.700000,93.760000;90.790000;90.540000;89.560000;85.950000;86.440000;86.230000;85.550000;84.570000;83.780000,1786094944,2,SD-Lora-CL/live_a_aggregate_b_smoke_inr_seed1995.log | SD-Lora-CL/logs/sa_sdlora/imagenetr/0/20/live_a_aggregate_b_smoke_inr_seed1995_1995_vit_base_patch16_224.log
cuda6,SD-Lora-CL,SD-Lora-CL/live_a_dual_head_c100_seed1993_b.log,./exps/live_a_dual_head_c100_seed1993_b.json,cifar224,live_a_dual_head_c100_seed1993_b,10,88.080000,91.938000,8.944444,99.000000;96.150000;94.200000;94.150000;92.580000;90.400000;90.600000;87.350000;86.870000;88.080000,100.000000;99.800000;99.530000;99.620000;99.420000;98.820000;99.070000;98.560000;98.340000;98.770000,1786176505,2,SD-Lora-CL/live_a_dual_head_c100_seed1993_b.log | SD-Lora-CL/logs/sa_sdlora/cifar224/0/10/live_a_dual_head_c100_seed1993_b_1993_vit_base_patch16_224.log
cuda6,SD-Lora-CL,SD-Lora-CL/live_a_dual_head_c100_seed1_b.log,./exps/live_a_dual_head_c100_seed1_b.json,cifar224,live_a_dual_head_c100_seed1_b,10,87.730000,92.052000,9.677778,99.200000;97.000000;94.770000;92.920000;92.280000;91.220000;89.990000;88.980000;86.430000;87.730000,100.000000;99.700000;99.670000;99.550000;99.280000;98.930000;98.930000;98.720000;98.360000;98.470000,1786184933,2,SD-Lora-CL/live_a_dual_head_c100_seed1_b.log | SD-Lora-CL/logs/sa_sdlora/cifar224/0/10/live_a_dual_head_c100_seed1_b_1_vit_base_patch16_224.log
cuda6,SD-Lora-CL,SD-Lora-CL/live_a_dual_head_c100_seed2_b.log,./exps/live_a_dual_head_c100_seed2_b.json,cifar224,live_a_dual_head_c100_seed2_b,10,87.800000,91.840000,8.677778,99.000000;97.700000;93.570000;92.900000;92.340000;90.520000;89.310000;87.720000;87.540000;87.800000,99.900000;99.800000;99.700000;99.680000;99.600000;99.280000;99.010000;98.890000;98.730000;98.670000,1786188063,2,SD-Lora-CL/live_a_dual_head_c100_seed2_b.log | SD-Lora-CL/logs/sa_sdlora/cifar224/0/10/live_a_dual_head_c100_seed2_b_2_vit_base_patch16_224.log
cuda6,SD-Lora-CL,SD-Lora-CL/live_a_dual_head_c100_seed3_b.log,./exps/live_a_dual_head_c100_seed3_b.json,cifar224,live_a_dual_head_c100_seed3_b,10,87.670000,91.362000,9.133333,99.200000;96.900000;93.430000;93.200000;90.900000;89.350000;87.840000;87.190000;87.940000;87.670000,99.900000;99.850000;99.770000;99.550000;99.300000;98.850000;99.070000;98.600000;98.710000;98.620000,1786191196,2,SD-Lora-CL/live_a_dual_head_c100_seed3_b.log | SD-Lora-CL/logs/sa_sdlora/cifar224/0/10/live_a_dual_head_c100_seed3_b_3_vit_base_patch16_224.log
cuda6,SD-Lora-CL,SD-Lora-CL/live_a_dual_head_inr_seed1995_a.log,./exps/live_a_dual_head_inr_seed1995_a.json,imagenetr,live_a_dual_head_inr_seed1995_a,10,79.040000,82.741000,6.938889,91.890000;87.440000;86.980000;85.190000;81.660000;81.060000;78.350000;78.340000;77.460000;79.040000,98.280000;96.960000;96.340000;95.940000;93.570000;92.910000;92.000000;91.480000;90.900000;92.030000,1786171539,2,SD-Lora-CL/live_a_dual_head_inr_seed1995_a.log | SD-Lora-CL/logs/sa_sdlora/imagenetr/0/20/live_a_dual_head_inr_seed1995_a_1995_vit_base_patch16_224.log
cuda6,SD-Lora-CL,SD-Lora-CL/live_a_dual_head_inr_seed1995_b.log,./exps/live_a_dual_head_inr_seed1995_b.json,imagenetr,live_a_dual_head_inr_seed1995_b,10,79.210000,82.937000,6.851111,92.200000;87.060000;86.420000;84.960000;83.670000;81.120000;78.570000;78.460000;77.700000;79.210000,98.440000;97.030000;96.190000;95.710000;95.050000;92.710000;92.280000;91.580000;90.990000;92.130000,1786173314,2,SD-Lora-CL/live_a_dual_head_inr_seed1995_b.log | SD-Lora-CL/logs/sa_sdlora/imagenetr/0/20/live_a_dual_head_inr_seed1995_b_1995_vit_base_patch16_224.log
cuda6,SD-Lora-CL,SD-Lora-CL/live_a_dual_head_inr_seed1_b.log,./exps/live_a_dual_head_inr_seed1_b.json,imagenetr,live_a_dual_head_inr_seed1_b,10,78.180000,83.851000,7.523333,93.490000;90.220000;87.680000;86.360000;84.740000;81.350000;79.710000;78.940000;77.840000;78.180000,98.940000;96.430000;95.630000;95.430000;94.910000;93.380000;92.810000;92.560000;91.970000;92.030000,1786178263,2,SD-Lora-CL/live_a_dual_head_inr_seed1_b.log | SD-Lora-CL/logs/sa_sdlora/imagenetr/0/20/live_a_dual_head_inr_seed1_b_1_vit_base_patch16_224.log
cuda6,SD-Lora-CL,SD-Lora-CL/live_a_dual_head_inr_seed2_b.log,./exps/live_a_dual_head_inr_seed2_b.json,imagenetr,live_a_dual_head_inr_seed2_b,10,78.710000,82.280000,8.421111,87.130000;83.530000;84.220000;84.740000;84.430000;81.580000;80.070000;79.120000;79.270000;78.710000,97.260000;95.270000;95.150000;95.240000;95.020000;92.990000;92.800000;92.200000;92.840000;92.300000,1786180026,2,SD-Lora-CL/live_a_dual_head_inr_seed2_b.log | SD-Lora-CL/logs/sa_sdlora/imagenetr/0/20/live_a_dual_head_inr_seed2_b_2_vit_base_patch16_224.log
cuda6,SD-Lora-CL,SD-Lora-CL/live_a_dual_head_inr_seed3_b.log,./exps/live_a_dual_head_inr_seed3_b.json,imagenetr,live_a_dual_head_inr_seed3_b,10,78.660000,83.989000,9.300000,93.300000;88.970000;87.340000;84.950000;85.180000;81.650000;80.520000;80.760000;78.560000;78.660000,98.660000;97.050000;95.670000;94.950000;95.080000;93.360000;92.790000;92.580000;92.050000;91.750000,1786181795,2,SD-Lora-CL/live_a_dual_head_inr_seed3_b.log | SD-Lora-CL/logs/sa_sdlora/imagenetr/0/20/live_a_dual_head_inr_seed3_b_3_vit_base_patch16_224.log
cuda6,SD-Lora-CL,SD-Lora-CL/live_a_k2_inr_seed1995_logsumexp.log,./exps/live_a_k2_inr_seed1995_logsumexp.json,imagenetr,live_a_k2_inr_seed1995_logsumexp,10,77.510000,81.082000,7.674444,91.580000;85.080000;83.060000;82.610000;80.050000;79.950000;77.520000;76.990000;76.470000;77.510000,98.910000;95.810000;94.050000;94.450000;93.600000;92.770000;92.140000;91.920000;90.980000;91.960000,1786194701,2,SD-Lora-CL/live_a_k2_inr_seed1995_logsumexp.log | SD-Lora-CL/logs/sa_sdlora/imagenetr/0/20/live_a_k2_inr_seed1995_logsumexp_1995_vit_base_patch16_224.log
cuda6,SD-Lora-CL,SD-Lora-CL/live_a_k2_inr_seed1995_max.log,./exps/live_a_k2_inr_seed1995_max.json,imagenetr,live_a_k2_inr_seed1995_max,10,78.560000,81.338000,7.551111,91.580000;84.470000;82.350000;81.850000;80.440000;80.380000;77.590000;78.760000;77.400000;78.560000,98.910000;95.660000;94.350000;94.190000;93.800000;92.610000;91.900000;92.130000;91.010000;92.350000,1786193175,2,SD-Lora-CL/live_a_k2_inr_seed1995_max.log | SD-Lora-CL/logs/sa_sdlora/imagenetr/0/20/live_a_k2_inr_seed1995_max_1995_vit_base_patch16_224.log
cuda6,SD-Lora-CL,SD-Lora-CL/live_a_rng_smoke_control.det_gloo1.log,./exps/live_a_rng_smoke_control_c100_seed1.json,cifar224,live_a_rng_smoke_control_c100_seed1,2,89.460000,89.590000,1.360000,89.720000;89.460000,98.620000;98.750000,1786207570,1,SD-Lora-CL/live_a_rng_smoke_control.det_gloo1.log
cuda6,SD-Lora-CL,SD-Lora-CL/live_a_rng_smoke_control.det_gloo2.log,./exps/live_a_rng_smoke_control_c100_seed1.json,cifar224,live_a_rng_smoke_control_c100_seed1,2,89.370000,89.465000,1.340000,89.560000;89.370000,98.580000;98.720000,1786208224,1,SD-Lora-CL/live_a_rng_smoke_control.det_gloo2.log
cuda6,SD-Lora-CL,SD-Lora-CL/live_a_rng_smoke_control.det_math1.log,./exps/live_a_rng_smoke_control_c100_seed1.json,cifar224,live_a_rng_smoke_control_c100_seed1,2,89.360000,89.450000,1.540000,89.540000;89.360000,98.520000;98.790000,1786203492,1,SD-Lora-CL/live_a_rng_smoke_control.det_math1.log
cuda6,SD-Lora-CL,SD-Lora-CL/live_a_rng_smoke_control.det_math2.log,./exps/live_a_rng_smoke_control_c100_seed1.json,cifar224,live_a_rng_smoke_control_c100_seed1,2,89.420000,89.470000,1.360000,89.520000;89.420000,98.500000;98.740000,1786204109,1,SD-Lora-CL/live_a_rng_smoke_control.det_math2.log
cuda6,SD-Lora-CL,SD-Lora-CL/live_a_rng_smoke_control.det_nofind1.log,./exps/live_a_rng_smoke_control_c100_seed1.json,cifar224,live_a_rng_smoke_control_c100_seed1,2,89.470000,89.555000,1.240000,89.640000;89.470000,98.660000;98.790000,1786206561,1,SD-Lora-CL/live_a_rng_smoke_control.det_nofind1.log
cuda6,SD-Lora-CL,SD-Lora-CL/live_a_rng_smoke_control.det_nofind2.log,./exps/live_a_rng_smoke_control_c100_seed1.json,cifar224,live_a_rng_smoke_control_c100_seed1,2,89.450000,89.515000,1.320000,89.580000;89.450000,98.600000;98.740000,1786207200,1,SD-Lora-CL/live_a_rng_smoke_control.det_nofind2.log
cuda6,SD-Lora-CL,SD-Lora-CL/live_a_rng_smoke_control.det_run1.log,./exps/live_a_rng_smoke_control_c100_seed1.json,cifar224,live_a_rng_smoke_control_c100_seed1,2,88.520000,90.690000,5.620000,92.860000;88.520000,99.360000;98.570000,1786201468,2,SD-Lora-CL/live_a_rng_smoke_control.det_run1.log | SD-Lora-CL/live_a_rng_smoke_control.log
cuda6,SD-Lora-CL,SD-Lora-CL/live_a_rng_smoke_control.det_run2.log,./exps/live_a_rng_smoke_control_c100_seed1.json,cifar224,live_a_rng_smoke_control_c100_seed1,2,88.890000,89.315000,1.940000,89.740000;88.890000,98.540000;98.710000,1786201887,1,SD-Lora-CL/live_a_rng_smoke_control.det_run2.log
cuda6,SD-Lora-CL,SD-Lora-CL/live_a_rng_smoke_control.det_seed1.log,./exps/live_a_rng_smoke_control_c100_seed1.json,cifar224,live_a_rng_smoke_control_c100_seed1,2,89.440000,89.580000,1.500000,89.720000;89.440000,98.740000;98.830000,1786204522,1,SD-Lora-CL/live_a_rng_smoke_control.det_seed1.log
cuda6,SD-Lora-CL,SD-Lora-CL/live_a_rng_smoke_control.det_seed2.log,./exps/live_a_rng_smoke_control_c100_seed1.json,cifar224,live_a_rng_smoke_control_c100_seed1,2,89.520000,89.540000,1.240000,89.560000;89.520000,98.660000;98.790000,1786205151,1,SD-Lora-CL/live_a_rng_smoke_control.det_seed2.log
cuda6,SD-Lora-CL,SD-Lora-CL/live_a_rng_smoke_control.det_single2.log,./exps/live_a_rng_smoke_control_c100_seed1.json,cifar224,live_a_rng_smoke_control_c100_seed1,2,89.020000,90.160000,5.380000,91.300000;89.020000,99.000000;98.830000,1786209976,1,SD-Lora-CL/live_a_rng_smoke_control.det_single2.log
cuda6,SD-Lora-CL,SD-Lora-CL/live_a_rng_smoke_control.det_strict_single1.log,./exps/live_a_rng_smoke_control_c100_seed1.json,cifar224,live_a_rng_smoke_control_c100_seed1,2,90.000000,90.210000,1.220000,90.420000;90.000000,98.840000;99.010000,1786211142,2,SD-Lora-CL/live_a_rng_smoke_control.det_strict_single1.log | SD-Lora-CL/logs/sa_sdlora/cifar224/0/50/live_a_rng_smoke_control_c100_seed1_1_vit_base_patch16_224.log
cuda6,SD-Lora-CL,SD-Lora-CL/live_a_rng_smoke_control.det_tf1.log,./exps/live_a_rng_smoke_control_c100_seed1.json,cifar224,live_a_rng_smoke_control_c100_seed1,2,89.500000,89.620000,1.260000,89.740000;89.500000,98.700000;98.810000,1786205545,1,SD-Lora-CL/live_a_rng_smoke_control.det_tf1.log
cuda6,SD-Lora-CL,SD-Lora-CL/live_a_rng_smoke_control.det_tf2.log,./exps/live_a_rng_smoke_control_c100_seed1.json,cifar224,live_a_rng_smoke_control_c100_seed1,2,89.410000,89.425000,1.100000,89.440000;89.410000,98.640000;98.790000,1786206176,1,SD-Lora-CL/live_a_rng_smoke_control.det_tf2.log
cuda6,SD-Lora-CL,SD-Lora-CL/live_a_rng_smoke_control.det_zw1.log,./exps/live_a_rng_smoke_control_c100_seed1.json,cifar224,live_a_rng_smoke_control_c100_seed1,2,89.090000,89.415000,2.000000,89.740000;89.090000,98.680000;98.730000,1786202450,1,SD-Lora-CL/live_a_rng_smoke_control.det_zw1.log
cuda6,SD-Lora-CL,SD-Lora-CL/live_a_rng_smoke_control.det_zw2.log,./exps/live_a_rng_smoke_control_c100_seed1.json,cifar224,live_a_rng_smoke_control_c100_seed1,2,89.370000,89.555000,1.660000,89.740000;89.370000,98.580000;98.750000,1786203049,1,SD-Lora-CL/live_a_rng_smoke_control.det_zw2.log
cuda6,SD-Lora-CL,SD-Lora-CL/live_a_rng_smoke_control.run1.log,./exps/live_a_rng_smoke_control_c100_seed1.json,cifar224,live_a_rng_smoke_control_c100_seed1,2,88.290000,90.555000,5.760000,92.820000;88.290000,99.440000;98.640000,1786200169,1,SD-Lora-CL/live_a_rng_smoke_control.run1.log
cuda6,SD-Lora-CL,SD-Lora-CL/live_a_rng_smoke_control.run2.log,./exps/live_a_rng_smoke_control_c100_seed1.json,cifar224,live_a_rng_smoke_control_c100_seed1,2,88.880000,89.090000,1.600000,89.300000;88.880000,98.500000;98.640000,1786200566,1,SD-Lora-CL/live_a_rng_smoke_control.run2.log
cuda6,SD-Lora-CL,SD-Lora-CL/live_a_rng_smoke_control_r1.log,./exps/live_a_rng_smoke_control_c100_seed1.json,cifar224,live_a_rng_smoke_control_c100_seed1,2,88.070000,90.515000,6.180000,92.960000;88.070000,99.380000;98.450000,1786215755,4,SD-Lora-CL/live_a_rng_smoke_control_r1.log | SD-Lora-CL/live_a_rng_smoke_control_r1.prehashfix.log | SD-Lora-CL/live_a_rng_smoke_control_r1.preranksync.log | SD-Lora-CL/logs/sa_sdlora/cifar224/0/50/live_a_rng_smoke_control_r1_c100_seed1_1_vit_base_patch16_224.log
cuda6,SD-Lora-CL,SD-Lora-CL/live_a_rng_smoke_control_r2.log,./exps/live_a_rng_smoke_control_r2_c100_seed1.json,cifar224,live_a_rng_smoke_control_r2_c100_seed1,2,88.070000,90.515000,6.180000,92.960000;88.070000,99.380000;98.450000,1786216302,4,SD-Lora-CL/live_a_rng_smoke_control_r2.log | SD-Lora-CL/live_a_rng_smoke_control_r2.prehashfix.log | SD-Lora-CL/live_a_rng_smoke_control_r2.preranksync.log | SD-Lora-CL/logs/sa_sdlora/cifar224/0/50/live_a_rng_smoke_control_r2_c100_seed1_1_vit_base_patch16_224.log
cuda6,SD-Lora-CL,SD-Lora-CL/live_a_rng_smoke_dual_b.log,./exps/live_a_rng_smoke_dual_b_c100_seed1.json,cifar224,live_a_rng_smoke_dual_b_c100_seed1,2,88.580000,91.010000,6.140000,93.440000;88.580000,99.480000;98.520000,1786201449,2,SD-Lora-CL/live_a_rng_smoke_dual_b.log | SD-Lora-CL/logs/sa_sdlora/cifar224/0/50/live_a_rng_smoke_dual_b_c100_seed1_1_vit_base_patch16_224.log
cuda6,SD-Lora-CL,SD-Lora-CL/live_a_rng_smoke_dual_b_nccl.log,./exps/live_a_rng_smoke_dual_b_nccl_c100_seed1.json,cifar224,live_a_rng_smoke_dual_b_nccl_c100_seed1,2,88.050000,90.865000,6.920000,93.680000;88.050000,99.360000;98.430000,1786218294,2,SD-Lora-CL/live_a_rng_smoke_dual_b_nccl.log | SD-Lora-CL/logs/sa_sdlora/cifar224/0/50/p05_nccl_dual_b_c100_seed1_1_vit_base_patch16_224.log
cuda6,SD-Lora-CL,SD-Lora-CL/live_a_rng_smoke_dual_b_r1.log,./exps/live_a_rng_smoke_dual_b_c100_seed1.json,cifar224,live_a_rng_smoke_dual_b_c100_seed1,2,88.070000,90.895000,6.940000,93.720000;88.070000,99.380000;98.450000,1786216847,4,SD-Lora-CL/live_a_rng_smoke_dual_b_r1.log | SD-Lora-CL/live_a_rng_smoke_dual_b_r1.prehashfix.log | SD-Lora-CL/live_a_rng_smoke_dual_b_r1.preranksync.log | SD-Lora-CL/logs/sa_sdlora/cifar224/0/50/live_a_rng_smoke_dual_b_r1_c100_seed1_1_vit_base_patch16_224.log
cuda6,SD-Lora-CL-2,SD-Lora-CL-2/seed_1995_k3_inr.log,./exps/seed_1995_k3_cms_sd.json,imagenetr,seed_1995_k3_cms_sd,10,78.190000,82.698000,5.784444,92.200000;87.820000;84.740000;83.180000;82.390000;81.120000;79.800000;79.430000;78.110000;78.190000,98.440000;97.410000;95.880000;94.760000;94.000000;93.260000;92.550000;92.550000;91.330000;91.510000,1782136610,3,SD-Lora-CL/logs/k_cms_sdlora/imagenetr/0/20/k_cms_sdlora_kmergepp_s02_recent0_k3_inr_v2_1995_vit_base_patch16_224.log | SD-Lora-CL/seed_1995_k3_inr.log | SD-Lora-CL-2/seed_1995_k3_inr.log
cuda6,SD-Lora-CL,SD-Lora-CL/logs/k_cms_sdlora/imagenetr/0/20/k_cms_sdlora_kmergepp_s02_recent0_k4_inr_v2_1995_vit_base_patch16_224.log,./exps/seed_1995_k4_cms_sd.json,imagenetr,seed_1995_k4_cms_sd,10,78.480000,82.854000,5.901111,91.890000;88.130000;84.840000;82.990000;82.220000;81.610000;80.160000;79.620000;78.600000;78.480000,98.130000;97.560000;96.130000;94.530000;94.030000;93.450000;92.620000;92.470000;91.480000;91.600000,1782138561,2,SD-Lora-CL/logs/k_cms_sdlora/imagenetr/0/20/k_cms_sdlora_kmergepp_s02_recent0_k4_inr_v2_1995_vit_base_patch16_224.log | SD-Lora-CL/seed_1995_k4_inr.log
cuda6,SD-Lora-CL,SD-Lora-CL/logs/k_cms_sdlora/imagenetr/0/20/seed_1995_k3_bal0005_inr_1995_vit_base_patch16_224.log,./exps/seed_1995_k3_bal0005_inr.json,imagenetr,seed_1995_k3_bal0005_inr,10,78.310000,82.833000,5.428889,92.040000;87.670000;85.200000;83.860000;81.990000;81.280000;79.950000;79.540000;78.490000;78.310000,98.440000;97.410000;96.030000;94.950000;93.630000;93.510000;92.660000;92.550000;91.480000;91.600000,1782141859,2,SD-Lora-CL/logs/k_cms_sdlora/imagenetr/0/20/seed_1995_k3_bal0005_inr_1995_vit_base_patch16_224.log | SD-Lora-CL/seed_1995_k3_bal0005_inr.log
cuda6,SD-Lora-CL,SD-Lora-CL/logs/k_cms_sdlora/imagenetr/0/20/seed_1995_k3_bal001_age001_inr_1995_vit_base_patch16_224.log,./exps/seed_1995_k3_bal001_age001_inr.json,imagenetr,seed_1995_k3_bal001_age001_inr,10,78.440000,82.835000,5.753333,92.200000;87.980000;84.540000;83.590000;82.190000;81.390000;79.780000;79.620000;78.620000;78.440000,98.440000;97.410000;96.030000;95.020000;93.670000;93.480000;92.550000;92.340000;91.160000;91.450000,1782155945,2,SD-Lora-CL/logs/k_cms_sdlora/imagenetr/0/20/seed_1995_k3_bal001_age001_inr_1995_vit_base_patch16_224.log | SD-Lora-CL/seed_1995_k3_bal001_age001_inr.log
cuda6,SD-Lora-CL,SD-Lora-CL/logs/k_cms_sdlora/imagenetr/0/20/seed_1995_k3_bal001_inr_1995_vit_base_patch16_224.log,./exps/seed_1995_k3_bal001_inr.json,imagenetr,seed_1995_k3_bal001_inr,10,78.380000,82.870000,5.741111,92.200000;87.900000;84.940000;83.590000;82.450000;81.500000;79.920000;79.460000;78.360000;78.380000,98.440000;97.560000;96.080000;94.910000;94.100000;93.510000;92.710000;92.530000;91.200000;91.410000,1782144401,2,SD-Lora-CL/logs/k_cms_sdlora/imagenetr/0/20/seed_1995_k3_bal001_inr_1995_vit_base_patch16_224.log | SD-Lora-CL/seed_1995_k3_bal001_inr.log
cuda6,SD-Lora-CL,SD-Lora-CL/logs/k_cms_sdlora/imagenetr/0/20/seed_1995_k3_bal001_lowsim1_inr_1995_vit_base_patch16_224.log,./exps/seed_1995_k3_bal001_lowsim1_inr.json,imagenetr,seed_1995_k3_bal001_lowsim1_inr,10,78.460000,82.833000,5.795556,92.200000;87.980000;84.690000;83.400000;82.090000;81.470000;79.880000;79.520000;78.640000;78.460000,98.600000;97.260000;96.080000;94.640000;93.700000;93.420000;92.830000;92.640000;91.540000;91.600000,1782153813,2,SD-Lora-CL/logs/k_cms_sdlora/imagenetr/0/20/seed_1995_k3_bal001_lowsim1_inr_1995_vit_base_patch16_224.log | SD-Lora-CL/seed_1995_k3_bal001_lowsim1_inr.log
cuda6,SD-Lora-CL,SD-Lora-CL/logs/k_cms_sdlora/imagenetr/0/20/seed_1995_k3_bal002_inr_1995_vit_base_patch16_224.log,./exps/seed_1995_k3_bal002_inr.json,imagenetr,seed_1995_k3_bal002_inr,10,78.330000,82.909000,5.707778,92.360000;88.050000;84.890000;83.440000;82.030000;81.150000;80.210000;79.960000;78.670000;78.330000,98.280000;97.720000;96.190000;94.870000;93.500000;93.420000;92.640000;92.550000;91.460000;91.730000,1782148832,2,SD-Lora-CL/logs/k_cms_sdlora/imagenetr/0/20/seed_1995_k3_bal002_inr_1995_vit_base_patch16_224.log | SD-Lora-CL/seed_1995_k3_bal002_inr.log
cuda6,SD-Lora-CL,SD-Lora-CL/logs/k_cms_sdlora/imagenetr/0/20/seed_1995_k3_lowsim1_inr_1995_vit_base_patch16_224.log,./exps/seed_1995_k3_lowsim1_inr.json,imagenetr,seed_1995_k3_lowsim1_inr,10,78.190000,82.776000,6.070000,92.200000;88.050000;84.640000;83.290000;82.060000;81.530000;79.850000;79.520000;78.430000;78.190000,98.750000;97.340000;96.130000;94.610000;93.700000;93.530000;92.690000;92.410000;91.280000;91.630000,1782151410,2,SD-Lora-CL/logs/k_cms_sdlora/imagenetr/0/20/seed_1995_k3_lowsim1_inr_1995_vit_base_patch16_224.log | SD-Lora-CL/seed_1995_k3_lowsim1_inr.log
cuda6,SD-Lora-CL,SD-Lora-CL/logs/k_cms_sdlora/imagenetr/0/20/seed_1995_k3_realloc_inr_1995_vit_base_patch16_224.log,./exps/seed_1995_k3_realloc_inr.json,imagenetr,seed_1995_k3_realloc_inr,10,77.480000,82.230000,6.576667,92.360000;87.980000;84.890000;82.150000;82.030000;80.330000;79.900000;78.060000;77.120000;77.480000,98.440000;97.340000;96.080000;94.040000;94.060000;92.990000;92.400000;92.090000;90.690000;91.130000,1782158082,2,SD-Lora-CL/logs/k_cms_sdlora/imagenetr/0/20/seed_1995_k3_realloc_inr_1995_vit_base_patch16_224.log | SD-Lora-CL/seed_1995_k3_realloc_inr.log
cuda6,SD-Lora-CL,SD-Lora-CL/logs/k_cms_sdlora/imagenetr/0/20/seed_1995_k4_anchor_inr_1995_vit_base_patch16_224.log,./exps/seed_1995_k4_anchor_inr.json,imagenetr,seed_1995_k4_anchor_inr,10,77.840000,82.813000,6.193333,92.040000;88.360000;84.940000;82.800000;82.590000;81.450000;80.140000;79.580000;78.390000;77.840000,98.750000;97.340000;96.030000;94.490000;94.100000;93.290000;92.780000;92.530000;91.290000;91.260000,1782203978,2,SD-Lora-CL/logs/k_cms_sdlora/imagenetr/0/20/seed_1995_k4_anchor_inr_1995_vit_base_patch16_224.log | SD-Lora-CL/seed_1995_k4_anchor_inr.log
cuda6,SD-Lora-CL,SD-Lora-CL/logs/k_cms_sdlora/imagenetr/0/20/seed_1995_k4_bal0005_inr_1995_vit_base_patch16_224.log,./exps/seed_1995_k4_bal0005_inr.json,imagenetr,seed_1995_k4_bal0005_inr,10,78.260000,82.981000,6.275556,92.510000;88.200000;84.990000;82.990000;82.490000;81.580000;80.420000;79.900000;78.470000;78.260000,98.280000;97.340000;95.980000;94.420000;94.160000;93.670000;92.640000;92.470000;91.290000;91.550000,1782181164,2,SD-Lora-CL/logs/k_cms_sdlora/imagenetr/0/20/seed_1995_k4_bal0005_inr_1995_vit_base_patch16_224.log | SD-Lora-CL/seed_1995_k4_bal0005_inr.log
cuda6,SD-Lora-CL,SD-Lora-CL/logs/k_cms_sdlora/imagenetr/0/20/seed_1995_k4_bal001_inr_1995_vit_base_patch16_224.log,./exps/seed_1995_k4_bal001_inr.json,imagenetr,seed_1995_k4_bal001_inr,10,78.510000,82.931000,5.737778,92.510000;88.200000;84.740000;83.210000;82.290000;81.610000;80.040000;79.710000;78.490000;78.510000,98.600000;97.490000;96.030000;94.420000;94.160000;93.210000;92.660000;92.600000;91.290000;91.580000,1782160282,2,SD-Lora-CL/logs/k_cms_sdlora/imagenetr/0/20/seed_1995_k4_bal001_inr_1995_vit_base_patch16_224.log | SD-Lora-CL/seed_1995_k4_bal001_inr.log
cuda6,SD-Lora-CL,SD-Lora-CL/logs/k_cms_sdlora/imagenetr/0/20/seed_1995_k4_bal002_inr_1995_vit_base_patch16_224.log,./exps/seed_1995_k4_bal002_inr.json,imagenetr,seed_1995_k4_bal002_inr,10,78.590000,82.822000,5.663333,91.890000;88.200000;84.540000;83.020000;82.030000;81.530000;80.090000;79.900000;78.430000;78.590000,98.440000;97.340000;96.030000;94.530000;93.700000;93.450000;92.780000;92.410000;91.370000;91.730000,1782183372,2,SD-Lora-CL/logs/k_cms_sdlora/imagenetr/0/20/seed_1995_k4_bal002_inr_1995_vit_base_patch16_224.log | SD-Lora-CL/seed_1995_k4_bal002_inr.log
cuda6,SD-Lora-CL,SD-Lora-CL/logs/k_cms_sdlora/imagenetr/0/20/seed_1995_k4_bal002_rank15_inr_1995_vit_base_patch16_224.log,./exps/seed_1995_k4_bal002_rank15_inr.json,imagenetr,seed_1995_k4_bal002_rank15_inr,10,78.580000,82.832000,5.600000,92.200000;88.510000;84.790000;82.990000;81.600000;81.390000;79.900000;79.670000;78.690000;78.580000,98.440000;97.410000;95.930000;94.490000;93.370000;93.320000;92.810000;92.450000;91.540000;91.600000,1785868182,2,SD-Lora-CL/logs/k_cms_sdlora/imagenetr/0/20/seed_1995_k4_bal002_rank15_inr_1995_vit_base_patch16_224.log | SD-Lora-CL/seed_1995_k4_bal002_rank15_inr.log
cuda6,SD-Lora-CL,SD-Lora-CL/logs/k_cms_sdlora/imagenetr/0/20/seed_1995_k4_bal002_recent2_inr_1995_vit_base_patch16_224.log,./exps/seed_1995_k4_bal002_recent2_inr.json,imagenetr,seed_1995_k4_bal002_recent2_inr,10,78.190000,82.884000,6.534444,92.510000;88.130000;85.250000;83.360000;82.520000;81.610000;79.710000;79.430000;78.130000;78.190000,98.440000;97.180000;95.830000;94.570000;94.230000;93.400000;92.710000;92.490000;90.940000;91.450000,1785875065,2,SD-Lora-CL/logs/k_cms_sdlora/imagenetr/0/20/seed_1995_k4_bal002_recent2_inr_1995_vit_base_patch16_224.log | SD-Lora-CL/seed_1995_k4_bal002_recent2_inr.log
cuda6,SD-Lora-CL,SD-Lora-CL/logs/k_cms_sdlora/imagenetr/0/20/seed_1995_k4_bal002_scale_weighted_inr_1995_vit_base_patch16_224.log,./exps/seed_1995_k4_bal002_scale_weighted_inr.json,imagenetr,seed_1995_k4_bal002_scale_weighted_inr,10,78.560000,82.859000,5.472222,92.360000;87.750000;84.840000;82.760000;82.220000;81.580000;80.210000;79.920000;78.390000;78.560000,97.970000;97.560000;96.030000;94.490000;93.570000;93.230000;92.740000;92.600000;91.540000;91.700000,1785863265,2,SD-Lora-CL/logs/k_cms_sdlora/imagenetr/0/20/seed_1995_k4_bal002_scale_weighted_inr_1995_vit_base_patch16_224.log | SD-Lora-CL/seed_1995_k4_bal002_scale_weighted_inr.log
cuda6,SD-Lora-CL,SD-Lora-CL/logs/k_cms_sdlora/imagenetr/0/20/seed_1995_k4_bwscale_inr_1995_vit_base_patch16_224.log,./exps/seed_1995_k4_bwscale_inr.json,imagenetr,seed_1995_k4_bwscale_inr,10,78.210000,83.282000,6.177778,93.760000;89.040000;86.160000;83.250000;82.550000;81.660000;80.110000;79.690000;78.390000;78.210000,98.910000;97.640000;96.290000;94.420000;94.060000;93.180000;92.590000;92.360000;91.260000;91.380000,1782353041,2,SD-Lora-CL/logs/k_cms_sdlora/imagenetr/0/20/seed_1995_k4_bwscale_inr_1995_vit_base_patch16_224.log | SD-Lora-CL/seed_1995_k4_bwscale_inr_rerun.log
cuda6,SD-Lora-CL,SD-Lora-CL/logs/k_cms_sdlora/imagenetr/0/20/seed_1995_k4_clshared6_bwscale_inr_1995_vit_base_patch16_224.log,./exps/seed_1995_k4_clshared6_bwscale_inr.json,imagenetr,seed_1995_k4_clshared6_bwscale_inr,10,78.580000,82.904000,6.616667,92.360000;87.750000;85.450000;83.520000;82.060000;81.660000;79.610000;79.600000;78.450000;78.580000,98.440000;97.340000;95.980000;94.870000;94.360000;93.890000;93.190000;92.870000;91.800000;91.710000,1782996958,2,SD-Lora-CL/logs/k_cms_sdlora/imagenetr/0/20/seed_1995_k4_clshared6_bwscale_inr_1995_vit_base_patch16_224.log | SD-Lora-CL/seed_1995_k4_clshared6_bwscale_inr.log
cuda6,SD-Lora-CL,SD-Lora-CL/logs/k_cms_sdlora/imagenetr/0/20/seed_1995_k4_fixedortho6_inr_1995_vit_base_patch16_224.log,./exps/seed_1995_k4_fixedortho6_inr.json,imagenetr,seed_1995_k4_fixedortho6_inr,10,77.060000,81.678000,5.782222,91.890000;87.060000;84.030000;82.190000;80.710000;80.030000;78.400000;78.250000;77.160000;77.060000,98.280000;96.960000;95.680000;94.230000;93.010000;92.470000;91.900000;91.730000;90.660000;90.780000,1782207235,2,SD-Lora-CL/logs/k_cms_sdlora/imagenetr/0/20/seed_1995_k4_fixedortho6_inr_1995_vit_base_patch16_224.log | SD-Lora-CL/seed_1995_k4_fixedortho6_inr.log
cuda6,SD-Lora-CL,SD-Lora-CL/logs/k_cms_sdlora/imagenetr/0/20/seed_1995_k4_hardcap_anchor_bwscale_inr_1995_vit_base_patch16_224.log,./exps/seed_1995_k4_hardcap_anchor_bwscale_inr.json,imagenetr,seed_1995_k4_hardcap_anchor_bwscale_inr,10,78.210000,82.891000,6.231111,93.290000;88.890000;84.330000;83.060000;82.350000;81.360000;79.850000;79.480000;78.090000;78.210000,98.750000;97.640000;95.780000;94.490000;94.100000;93.320000;92.570000;92.490000;91.460000;91.580000,1782356726,2,SD-Lora-CL/logs/k_cms_sdlora/imagenetr/0/20/seed_1995_k4_hardcap_anchor_bwscale_inr_1995_vit_base_patch16_224.log | SD-Lora-CL/seed_1995_k4_hardcap_anchor_bwscale_inr_rerun.log
cuda6,SD-Lora-CL,SD-Lora-CL/logs/k_cms_sdlora/imagenetr/0/20/seed_1995_k4_hardcap_bwscale_inr_1995_vit_base_patch16_224.log,./exps/seed_1995_k4_hardcap_bwscale_inr.json,imagenetr,seed_1995_k4_hardcap_bwscale_inr,10,78.110000,82.881000,5.906667,93.600000;88.890000;84.790000;83.140000;82.090000;81.340000;79.350000;79.240000;78.260000;78.110000,98.280000;97.790000;95.730000;94.340000;93.600000;93.230000;92.520000;92.550000;91.310000;91.650000,1782354881,2,SD-Lora-CL/logs/k_cms_sdlora/imagenetr/0/20/seed_1995_k4_hardcap_bwscale_inr_1995_vit_base_patch16_224.log | SD-Lora-CL/seed_1995_k4_hardcap_bwscale_inr_rerun.log
cuda6,SD-Lora-CL,SD-Lora-CL/logs/k_cms_sdlora/imagenetr/0/20/seed_1995_k4_hardcap_inr_1995_vit_base_patch16_224.log,./exps/seed_1995_k4_hardcap_inr.json,imagenetr,seed_1995_k4_hardcap_inr,10,78.460000,82.807000,5.751111,91.730000;87.750000;84.890000;83.020000;82.160000;81.560000;80.020000;79.880000;78.600000;78.460000,98.440000;97.490000;96.190000;94.110000;93.670000;93.290000;92.550000;92.390000;91.220000;91.800000,1782201337,2,SD-Lora-CL/logs/k_cms_sdlora/imagenetr/0/20/seed_1995_k4_hardcap_inr_1995_vit_base_patch16_224.log | SD-Lora-CL/seed_1995_k4_hardcap_inr.log
cuda6,SD-Lora-CL,SD-Lora-CL/logs/proto_routed_sdlora/cifar224/0/10/proto_routed_sdlora_c100_seed1993_1993_vit_base_patch16_224.log,./exps/proto_routed_sdlora_c100_seed1993.json,cifar224,proto_routed_sdlora_c100_seed1993,10,85.570000,91.136000,6.533333,99.000000;96.250000;94.100000;93.180000;91.260000;89.420000;89.340000;87.180000;86.060000;85.570000,100.000000;99.800000;99.530000;99.320000;99.140000;98.850000;98.840000;98.700000;98.490000;98.260000,1785839323,2,SD-Lora-CL/logs/proto_routed_sdlora/cifar224/0/10/proto_routed_sdlora_c100_seed1993_1993_vit_base_patch16_224.log | SD-Lora-CL/proto_routed_sdlora_c100_seed1993.log
cuda6,SD-Lora-CL,SD-Lora-CL/logs/proto_routed_sdlora/imagenetr/0/20/proto_routed_sdlora_inr_seed1995_1995_vit_base_patch16_224.log,./exps/proto_routed_sdlora_inr_seed1995.json,imagenetr,proto_routed_sdlora_inr_seed1995,10,75.540000,81.520000,6.230000,94.230000;88.200000;85.050000;82.110000;80.340000;79.400000;77.850000;76.860000;75.620000;75.540000,98.600000;96.500000;95.470000;93.850000;93.010000;92.110000;91.000000;90.720000;89.950000;89.930000,1785831845,2,SD-Lora-CL/logs/proto_routed_sdlora/imagenetr/0/20/proto_routed_sdlora_inr_seed1995_1995_vit_base_patch16_224.log | SD-Lora-CL/proto_routed_sdlora_inr_seed1995.log
cuda6,SD-Lora-CL,SD-Lora-CL/logs/sa_sdlora/cifar224/0/10/lrpt_lora_sa_sdlora_proto_c100_seed1993_na_1993_vit_base_patch16_224.log,./exps/lrpt_lora_c100_na_seed1993.json,cifar224,lrpt_lora_c100_na_seed1993,10,88.250000,92.245000,7.544444,98.300000;96.300000;95.100000;93.880000;92.380000;90.800000;91.200000;88.480000;87.760000;88.250000,100.000000;99.750000;99.530000;99.650000;99.440000;98.950000;99.090000;98.890000;98.720000;98.730000,1785994406,2,SD-Lora-CL/logs/sa_sdlora/cifar224/0/10/lrpt_lora_sa_sdlora_proto_c100_seed1993_na_1993_vit_base_patch16_224.log | SD-Lora-CL/lrpt_lora_c100_na_seed1993.log
cuda6,SD-Lora-CL,SD-Lora-CL/logs/sa_sdlora/cifar224/0/10/lrpt_sa_sdlora_proto_c100_seed1993_affine_1993_vit_base_patch16_224.log,./exps/lrpt_sa_sdlora_c100_affine_seed1993.json,cifar224,lrpt_sa_sdlora_c100_affine_seed1993,10,88.390000,92.449000,7.366667,98.300000;96.200000;95.100000;93.880000;92.820000;91.500000;91.290000;88.980000;88.030000;88.390000,100.000000;99.700000;99.500000;99.520000;99.420000;99.000000;99.090000;98.910000;98.770000;98.780000,1785963868,2,SD-Lora-CL/logs/sa_sdlora/cifar224/0/10/lrpt_sa_sdlora_proto_c100_seed1993_affine_1993_vit_base_patch16_224.log | SD-Lora-CL/lrpt_sa_sdlora_c100_affine_seed1993.log
cuda6,SD-Lora-CL,SD-Lora-CL/logs/sa_sdlora/cifar224/0/10/lrpt_sa_sdlora_proto_c100_seed1993_affine_r10_1993_vit_base_patch16_224.log,./exps/lrpt_sa_sdlora_c100_affine_rank10_seed1993.json,cifar224,lrpt_sa_sdlora_c100_affine_rank10_seed1993,10,88.580000,92.463000,7.122222,98.300000;96.250000;95.070000;93.950000;92.800000;91.480000;91.240000;88.860000;88.100000;88.580000,100.000000;99.700000;99.500000;99.550000;99.440000;98.950000;99.100000;98.880000;98.720000;98.810000,1785972737,2,SD-Lora-CL/logs/sa_sdlora/cifar224/0/10/lrpt_sa_sdlora_proto_c100_seed1993_affine_r10_1993_vit_base_patch16_224.log | SD-Lora-CL/lrpt_sa_sdlora_c100_affine_rank10_seed1993.log
cuda6,SD-Lora-CL,SD-Lora-CL/logs/sa_sdlora/cifar224/0/10/lrpt_sa_sdlora_proto_c100_seed1993_affine_r10_d09_1993_vit_base_patch16_224.log,./exps/lrpt_sa_sdlora_c100_affine_r10_d09_seed1993.json,cifar224,lrpt_sa_sdlora_c100_affine_r10_d09_seed1993,10,88.420000,92.499000,7.288889,98.400000;96.300000;95.100000;93.920000;92.900000;91.550000;91.390000;88.840000;88.170000;88.420000,100.000000;99.700000;99.500000;99.520000;99.380000;98.970000;99.090000;98.850000;98.670000;98.820000,1785981618,2,SD-Lora-CL/logs/sa_sdlora/cifar224/0/10/lrpt_sa_sdlora_proto_c100_seed1993_affine_r10_d09_1993_vit_base_patch16_224.log | SD-Lora-CL/lrpt_sa_sdlora_c100_affine_r10_d09_seed1993.log
cuda6,SD-Lora-CL,SD-Lora-CL/logs/sa_sdlora/cifar224/0/10/lrpt_sa_sdlora_proto_c100_seed1993_affine_r10_rerun3_1993_vit_base_patch16_224.log,./exps/lrpt_sa_sdlora_c100_affine_r10_rerun3_seed1993.json,cifar224,lrpt_sa_sdlora_c100_affine_r10_rerun3_seed1993,10,88.580000,92.499000,7.166667,98.300000;96.300000;95.000000;94.000000;92.820000;91.530000;91.360000;88.900000;88.200000;88.580000,100.000000;99.700000;99.500000;99.580000;99.420000;98.970000;99.090000;98.880000;98.730000;98.830000,1786012782,2,SD-Lora-CL/logs/sa_sdlora/cifar224/0/10/lrpt_sa_sdlora_proto_c100_seed1993_affine_r10_rerun3_1993_vit_base_patch16_224.log | SD-Lora-CL/lrpt_sa_sdlora_c100_affine_r10_rerun3_seed1993.log
cuda6,SD-Lora-CL,SD-Lora-CL/logs/sa_sdlora/cifar224/0/10/lrpt_sa_sdlora_proto_c100_seed1993_affine_r10_rerun_1993_vit_base_patch16_224.log,./exps/lrpt_sa_sdlora_c100_affine_r10_rerun_seed1993.json,cifar224,lrpt_sa_sdlora_c100_affine_r10_rerun_seed1993,10,88.460000,92.475000,7.211111,98.200000;96.400000;95.100000;93.980000;92.840000;91.520000;91.330000;88.820000;88.100000;88.460000,100.000000;99.700000;99.530000;99.550000;99.420000;98.930000;99.100000;98.900000;98.730000;98.800000,1785998675,2,SD-Lora-CL/logs/sa_sdlora/cifar224/0/10/lrpt_sa_sdlora_proto_c100_seed1993_affine_r10_rerun_1993_vit_base_patch16_224.log | SD-Lora-CL/lrpt_sa_sdlora_c100_affine_r10_rerun_seed1993.log
cuda6,SD-Lora-CL,SD-Lora-CL/logs/sa_sdlora/cifar224/0/10/lrpt_sa_sdlora_proto_c100_seed1993_rank16_1993_vit_base_patch16_224.log,./exps/lrpt_sa_sdlora_c100_rank16_seed1993.json,cifar224,lrpt_sa_sdlora_c100_rank16_seed1993,10,88.260000,92.367000,7.800000,98.300000;96.200000;95.170000;93.900000;92.840000;91.470000;91.200000;88.620000;87.710000;88.260000,100.000000;99.700000;99.530000;99.520000;99.340000;99.000000;99.040000;98.920000;98.670000;98.690000,1785957380,2,SD-Lora-CL/logs/sa_sdlora/cifar224/0/10/lrpt_sa_sdlora_proto_c100_seed1993_rank16_1993_vit_base_patch16_224.log | SD-Lora-CL/lrpt_sa_sdlora_c100_rank16_seed1993.log
cuda6,SD-Lora-CL,SD-Lora-CL/logs/sa_sdlora/cifar224/0/10/lrpt_sa_sdlora_proto_c100_seed1993_v2_1993_vit_base_patch16_224.log,./exps/lrpt_sa_sdlora_c100_seed1993.json,cifar224,lrpt_sa_sdlora_c100_seed1993,10,88.430000,92.423000,7.633333,98.300000;96.300000;95.200000;93.920000;92.860000;91.350000;91.230000;88.720000;87.920000;88.430000,100.000000;99.750000;99.530000;99.550000;99.380000;99.030000;99.160000;98.940000;98.710000;98.740000,1785950965,2,SD-Lora-CL/logs/sa_sdlora/cifar224/0/10/lrpt_sa_sdlora_proto_c100_seed1993_v2_1993_vit_base_patch16_224.log | SD-Lora-CL/lrpt_sa_sdlora_c100_seed1993.log
cuda6,SD-Lora-CL,SD-Lora-CL/logs/sa_sdlora/cifar224/0/10/p3_c100_exp009_seed1_nccl_1_vit_base_patch16_224.log,./exps/p3_c100_exp009_seed1_nccl.json,cifar224,p3_c100_exp009_seed1_nccl,10,87.450000,91.708000,9.411111,99.100000;96.400000;93.930000;92.600000;91.340000;91.030000;89.910000;89.090000;86.230000;87.450000,100.000000;99.850000;99.530000;99.520000;99.260000;98.920000;98.970000;98.790000;98.230000;98.360000,1786326589,2,SD-Lora-CL/logs/sa_sdlora/cifar224/0/10/p3_c100_exp009_seed1_nccl_1_vit_base_patch16_224.log | SD-Lora-CL/p3_c100_exp009_seed1_nccl.log
cuda6,SD-Lora-CL,SD-Lora-CL/logs/sa_sdlora/cifar224/0/10/p3_c100_exp009_seed2_nccl_2_vit_base_patch16_224.log,./exps/p3_c100_exp009_seed2_nccl.json,cifar224,p3_c100_exp009_seed2_nccl,10,88.010000,91.605000,8.522222,98.400000;97.350000;92.970000;92.650000;91.640000;90.630000;88.940000;87.920000;87.540000;88.010000,100.000000;99.850000;99.730000;99.520000;99.460000;99.230000;99.170000;98.940000;98.800000;98.790000,1786339300,2,SD-Lora-CL/logs/sa_sdlora/cifar224/0/10/p3_c100_exp009_seed2_nccl_2_vit_base_patch16_224.log | SD-Lora-CL/p3_c100_exp009_seed2_nccl.log
cuda6,SD-Lora-CL,SD-Lora-CL/logs/sa_sdlora/cifar224/0/10/p3_c100_exp009_seed3_nccl_3_vit_base_patch16_224.log,./exps/p3_c100_exp009_seed3_nccl.json,cifar224,p3_c100_exp009_seed3_nccl,10,87.640000,90.823000,9.466667,99.200000;96.050000;92.970000;92.500000;89.940000;88.120000;87.700000;86.850000;87.260000;87.640000,99.900000;99.900000;99.630000;99.480000;99.300000;98.730000;99.060000;98.520000;98.670000;98.540000,1786351879,2,SD-Lora-CL/logs/sa_sdlora/cifar224/0/10/p3_c100_exp009_seed3_nccl_3_vit_base_patch16_224.log | SD-Lora-CL/p3_c100_exp009_seed3_nccl.log
cuda6,SD-Lora-CL,SD-Lora-CL/logs/sa_sdlora/cifar224/0/10/p3_c100_exp009_seed4_nccl_4_vit_base_patch16_224.log,./exps/p3_c100_exp009_seed4_nccl.json,cifar224,p3_c100_exp009_seed4_nccl,10,87.260000,91.028000,9.655556,96.800000;95.100000;94.270000;93.420000;88.560000;90.900000;88.610000;88.080000;87.280000;87.260000,99.900000;99.900000;99.770000;99.500000;99.440000;99.500000;99.010000;98.890000;98.710000;98.660000,1786364554,2,SD-Lora-CL/logs/sa_sdlora/cifar224/0/10/p3_c100_exp009_seed4_nccl_4_vit_base_patch16_224.log | SD-Lora-CL/p3_c100_exp009_seed4_nccl.log
cuda6,SD-Lora-CL,SD-Lora-CL/logs/sa_sdlora/cifar224/0/10/p3_c100_exp009_seed5_nccl_5_vit_base_patch16_224.log,./exps/p3_c100_exp009_seed5_nccl.json,cifar224,p3_c100_exp009_seed5_nccl,10,87.540000,90.419000,8.900000,95.800000;94.650000;93.700000;90.920000;89.720000;88.350000;88.600000;87.150000;87.760000;87.540000,99.800000;99.700000;99.500000;99.000000;99.100000;99.030000;98.790000;98.540000;98.510000;98.430000,1786377286,2,SD-Lora-CL/logs/sa_sdlora/cifar224/0/10/p3_c100_exp009_seed5_nccl_5_vit_base_patch16_224.log | SD-Lora-CL/p3_c100_exp009_seed5_nccl.log
cuda6,SD-Lora-CL,SD-Lora-CL/logs/sa_sdlora/cifar224/0/10/p3_c100_livea_dual_b_seed1_nccl_1_vit_base_patch16_224.log,./exps/p3_c100_livea_dual_b_seed1_nccl.json,cifar224,p3_c100_livea_dual_b_seed1_nccl,10,87.020000,91.833000,9.955556,99.000000;97.150000;94.730000;92.720000;91.820000;91.130000;89.640000;88.950000;86.170000;87.020000,100.000000;99.700000;99.500000;99.480000;99.280000;98.920000;98.970000;98.740000;98.180000;98.320000,1786317326,2,SD-Lora-CL/logs/sa_sdlora/cifar224/0/10/p3_c100_livea_dual_b_seed1_nccl_1_vit_base_patch16_224.log | SD-Lora-CL/p3_c100_livea_dual_b_seed1_nccl.log
cuda6,SD-Lora-CL,SD-Lora-CL/logs/sa_sdlora/cifar224/0/10/p3_c100_livea_dual_b_seed2_nccl_2_vit_base_patch16_224.log,./exps/p3_c100_livea_dual_b_seed2_nccl.json,cifar224,p3_c100_livea_dual_b_seed2_nccl,10,87.840000,91.663000,8.333333,99.000000;97.800000;92.900000;92.920000;91.820000;90.430000;88.810000;87.740000;87.370000;87.840000,99.900000;99.800000;99.700000;99.650000;99.520000;99.180000;99.110000;98.860000;98.700000;98.740000,1786329941,2,SD-Lora-CL/logs/sa_sdlora/cifar224/0/10/p3_c100_livea_dual_b_seed2_nccl_2_vit_base_patch16_224.log | SD-Lora-CL/p3_c100_livea_dual_b_seed2_nccl.log
cuda6,SD-Lora-CL,SD-Lora-CL/logs/sa_sdlora/cifar224/0/10/p3_c100_livea_dual_b_seed3_nccl_3_vit_base_patch16_224.log,./exps/p3_c100_livea_dual_b_seed3_nccl.json,cifar224,p3_c100_livea_dual_b_seed3_nccl,10,87.420000,90.630000,9.411111,99.200000;96.950000;92.130000;91.020000;90.000000;88.070000;87.630000;86.900000;86.980000;87.420000,99.900000;99.900000;99.770000;99.550000;99.500000;98.700000;98.930000;98.500000;98.530000;98.570000,1786342627,2,SD-Lora-CL/logs/sa_sdlora/cifar224/0/10/p3_c100_livea_dual_b_seed3_nccl_3_vit_base_patch16_224.log | SD-Lora-CL/p3_c100_livea_dual_b_seed3_nccl.log
cuda6,SD-Lora-CL,SD-Lora-CL/logs/sa_sdlora/cifar224/0/10/p3_c100_livea_dual_b_seed4_nccl_4_vit_base_patch16_224.log,./exps/p3_c100_livea_dual_b_seed4_nccl.json,cifar224,p3_c100_livea_dual_b_seed4_nccl,10,87.200000,90.756000,8.900000,97.000000;95.150000;93.470000;92.300000;88.200000;90.850000;88.340000;87.840000;87.210000;87.200000,99.900000;99.800000;99.830000;99.580000;99.560000;99.450000;98.890000;98.860000;98.790000;98.560000,1786355244,2,SD-Lora-CL/logs/sa_sdlora/cifar224/0/10/p3_c100_livea_dual_b_seed4_nccl_4_vit_base_patch16_224.log | SD-Lora-CL/p3_c100_livea_dual_b_seed4_nccl.log
cuda6,SD-Lora-CL,SD-Lora-CL/logs/sa_sdlora/cifar224/0/10/p3_c100_livea_dual_b_seed5_nccl_5_vit_base_patch16_224.log,./exps/p3_c100_livea_dual_b_seed5_nccl.json,cifar224,p3_c100_livea_dual_b_seed5_nccl,10,87.560000,90.432000,8.855556,96.800000;94.000000;93.470000;90.750000;90.180000;88.320000;88.240000;87.480000;87.520000;87.560000,99.600000;99.750000;99.470000;98.920000;99.100000;99.030000;98.810000;98.580000;98.510000;98.580000,1786367915,2,SD-Lora-CL/logs/sa_sdlora/cifar224/0/10/p3_c100_livea_dual_b_seed5_nccl_5_vit_base_patch16_224.log | SD-Lora-CL/p3_c100_livea_dual_b_seed5_nccl.log
cuda6,SD-Lora-CL,SD-Lora-CL/logs/sa_sdlora/cifar224/0/10/p4_abl_c_cifar224_seed1_nccl_1_vit_base_patch16_224.log,./exps/p4_abl_c_cifar224_seed1_nccl.json,cifar224,p4_abl_c_cifar224_seed1_nccl,10,87.430000,92.155000,8.533333,99.000000;97.150000;94.830000;92.600000;92.320000;91.180000;90.390000;89.480000;87.170000;87.430000,100.000000;99.700000;99.470000;99.420000;99.280000;99.050000;99.260000;98.880000;98.460000;98.400000,1786417397,2,SD-Lora-CL/logs/sa_sdlora/cifar224/0/10/p4_abl_c_cifar224_seed1_nccl_1_vit_base_patch16_224.log | SD-Lora-CL/p4_abl_c_cifar224_seed1_nccl.log
cuda6,SD-Lora-CL,SD-Lora-CL/logs/sa_sdlora/cifar224/0/10/p4_abl_c_cifar224_seed2_nccl_2_vit_base_patch16_224.log,./exps/p4_abl_c_cifar224_seed2_nccl.json,cifar224,p4_abl_c_cifar224_seed2_nccl,10,88.260000,91.988000,6.777778,99.000000;97.750000;92.970000;92.720000;92.080000;91.150000;89.640000;88.320000;87.990000;88.260000,99.900000;99.750000;99.700000;99.680000;99.440000;99.250000;99.130000;98.910000;98.830000;98.690000,1786420718,2,SD-Lora-CL/logs/sa_sdlora/cifar224/0/10/p4_abl_c_cifar224_seed2_nccl_2_vit_base_patch16_224.log | SD-Lora-CL/p4_abl_c_cifar224_seed2_nccl.log
cuda6,SD-Lora-CL,SD-Lora-CL/logs/sa_sdlora/cifar224/0/10/p4_abl_c_cifar224_seed3_nccl_3_vit_base_patch16_224.log,./exps/p4_abl_c_cifar224_seed3_nccl.json,cifar224,p4_abl_c_cifar224_seed3_nccl,10,88.060000,91.262000,8.044444,99.200000;97.100000;92.700000;91.280000;90.560000;89.480000;88.370000;87.990000;87.880000;88.060000,99.900000;99.950000;99.670000;99.600000;99.480000;98.970000;99.090000;98.660000;98.700000;98.560000,1786424044,2,SD-Lora-CL/logs/sa_sdlora/cifar224/0/10/p4_abl_c_cifar224_seed3_nccl_3_vit_base_patch16_224.log | SD-Lora-CL/p4_abl_c_cifar224_seed3_nccl.log
cuda6,SD-Lora-CL,SD-Lora-CL/logs/sa_sdlora/cifar224/0/10/sa_cumulative_c100_seed1993_gauge_1993_vit_base_patch16_224.log,./exps/sa_cumulative_c100_seed1993_gauge.json,cifar224,sa_cumulative_c100_seed1993_gauge,10,87.700000,91.825000,8.533333,98.200000;96.350000;94.500000;93.550000;91.600000;90.550000;90.570000;87.850000;87.380000;87.700000,100.000000;99.700000;99.430000;99.420000;99.300000;98.900000;99.010000;98.810000;98.580000;98.750000,1786028004,2,SD-Lora-CL/logs/sa_sdlora/cifar224/0/10/sa_cumulative_c100_seed1993_gauge_1993_vit_base_patch16_224.log | SD-Lora-CL/sa_cumulative_c100_seed1993_gauge.log
cuda6,SD-Lora-CL,SD-Lora-CL/logs/sa_sdlora/cifar224/0/10/sa_cumulative_c100_seed1_gauge_1_vit_base_patch16_224.log,./exps/sa_cumulative_c100_seed1_gauge.json,cifar224,sa_cumulative_c100_seed1_gauge,10,87.820000,91.722000,8.933333,98.800000;96.600000;94.070000;92.620000;91.040000;91.000000;89.590000;88.760000;86.920000;87.820000,100.000000;99.800000;99.530000;99.350000;99.260000;99.000000;98.960000;98.910000;98.540000;98.510000,1786035239,2,SD-Lora-CL/logs/sa_sdlora/cifar224/0/10/sa_cumulative_c100_seed1_gauge_1_vit_base_patch16_224.log | SD-Lora-CL/sa_cumulative_c100_seed1_gauge.log
cuda6,SD-Lora-CL,SD-Lora-CL/logs/sa_sdlora/cifar224/0/10/sa_cumulative_c100_seed2_gauge_2_vit_base_patch16_224.log,./exps/sa_cumulative_c100_seed2_gauge.json,cifar224,sa_cumulative_c100_seed2_gauge,10,87.800000,91.231000,8.744444,98.500000;97.500000;93.030000;91.200000;90.980000;89.900000;88.340000;87.740000;87.320000;87.800000,100.000000;99.850000;99.730000;99.500000;99.420000;99.200000;98.810000;98.860000;98.670000;98.690000,1786037907,2,SD-Lora-CL/logs/sa_sdlora/cifar224/0/10/sa_cumulative_c100_seed2_gauge_2_vit_base_patch16_224.log | SD-Lora-CL/sa_cumulative_c100_seed2_gauge.log
cuda6,SD-Lora-CL,SD-Lora-CL/logs/sa_sdlora/cifar224/0/10/sa_cumulative_c100_seed3_gauge_3_vit_base_patch16_224.log,./exps/sa_cumulative_c100_seed3_gauge.json,cifar224,sa_cumulative_c100_seed3_gauge,10,88.010000,91.278000,8.511111,98.900000;96.000000;93.470000;92.900000;90.820000;89.170000;87.900000;87.710000;87.900000;88.010000,99.900000;99.950000;99.570000;99.580000;99.120000;98.700000;98.910000;98.720000;98.810000;98.630000,1786040580,2,SD-Lora-CL/logs/sa_sdlora/cifar224/0/10/sa_cumulative_c100_seed3_gauge_3_vit_base_patch16_224.log | SD-Lora-CL/sa_cumulative_c100_seed3_gauge.log
cuda6,SD-Lora-CL,SD-Lora-CL/logs/sa_sdlora/cifar224/0/10/sa_sdlora_at_c100_seed1993_1993_vit_base_patch16_224.log,./exps/sa_sdlora_at_c100_seed1993.json,cifar224,sa_sdlora_at_c100_seed1993,10,86.900000,91.575000,7.322222,99.400000;96.550000;94.430000;93.520000;91.540000;89.570000;89.670000;87.900000;86.270000;86.900000,100.000000;99.850000;99.430000;99.280000;99.300000;98.880000;98.910000;98.890000;98.610000;98.650000,1785897752,2,SD-Lora-CL/logs/sa_sdlora/cifar224/0/10/sa_sdlora_at_c100_seed1993_1993_vit_base_patch16_224.log | SD-Lora-CL/sa_sdlora_at_c100_seed1993.log
cuda6,SD-Lora-CL,SD-Lora-CL/logs/sa_sdlora/cifar224/0/10/sa_sdlora_c100_seed1993_1993_vit_base_patch16_224.log,./exps/sa_sdlora_c100_seed1993.json,cifar224,sa_sdlora_c100_seed1993,10,86.530000,91.697000,7.466667,99.400000;96.200000;94.430000;93.320000;91.720000;89.850000;90.200000;88.300000;87.020000;86.530000,100.000000;99.850000;99.430000;99.350000;99.220000;99.030000;99.030000;98.880000;98.710000;98.530000,1785879443,2,SD-Lora-CL/logs/sa_sdlora/cifar224/0/10/sa_sdlora_c100_seed1993_1993_vit_base_patch16_224.log | SD-Lora-CL/sa_sdlora_c100_seed1993.log
cuda6,SD-Lora-CL,SD-Lora-CL/logs/sa_sdlora/cifar224/0/10/sa_sdlora_proto_c100_seed1993_1993_vit_base_patch16_224.log,./exps/sa_sdlora_proto_c100_seed1993.json,cifar224,sa_sdlora_proto_c100_seed1993,10,88.420000,92.074000,8.077778,98.300000;96.250000;94.600000;93.750000;92.200000;90.600000;90.840000;88.210000;87.570000;88.420000,100.000000;99.750000;99.500000;99.480000;99.400000;98.830000;99.090000;98.910000;98.590000;98.740000,1785935916,2,SD-Lora-CL/logs/sa_sdlora/cifar224/0/10/sa_sdlora_proto_c100_seed1993_1993_vit_base_patch16_224.log | SD-Lora-CL/sa_sdlora_proto_c100_seed1993.log
cuda6,SD-Lora-CL,SD-Lora-CL/logs/sa_sdlora/cifar224/0/10/sa_sdlora_proto_c100_seed1993_paired_rerun_1993_vit_base_patch16_224.log,./exps/sa_sdlora_proto_c100_seed1993_paired_rerun.json,cifar224,sa_sdlora_proto_c100_seed1993_paired_rerun,10,88.420000,92.054000,7.933333,98.300000;96.350000;94.600000;93.680000;92.060000;90.550000;90.840000;88.140000;87.600000;88.420000,100.000000;99.750000;99.500000;99.450000;99.400000;98.880000;99.100000;98.950000;98.630000;98.750000,1786131910,2,SD-Lora-CL/logs/sa_sdlora/cifar224/0/10/sa_sdlora_proto_c100_seed1993_paired_rerun_1993_vit_base_patch16_224.log | SD-Lora-CL/sa_sdlora_proto_c100_seed1993_paired_rerun.log
cuda6,SD-Lora-CL,SD-Lora-CL/logs/sa_sdlora/cifar224/0/10/sa_sdlora_proto_c100_seed1_1_vit_base_patch16_224.log,./exps/sa_sdlora_proto_c100_seed1.json,cifar224,sa_sdlora_proto_c100_seed1,10,87.820000,91.772000,9.233333,98.800000;96.800000;94.170000;92.650000;91.360000;91.470000;89.630000;88.690000;86.330000;87.820000,100.000000;99.800000;99.630000;99.400000;99.140000;99.020000;98.930000;98.780000;98.500000;98.540000,1786050621,2,SD-Lora-CL/logs/sa_sdlora/cifar224/0/10/sa_sdlora_proto_c100_seed1_1_vit_base_patch16_224.log | SD-Lora-CL/sa_sdlora_proto_c100_seed1.log
cuda6,SD-Lora-CL,SD-Lora-CL/logs/sa_sdlora/cifar224/0/10/sa_sdlora_proto_c100_seed1_paired_rerun_1_vit_base_patch16_224.log,./exps/sa_sdlora_proto_c100_seed1_paired_rerun.json,cifar224,sa_sdlora_proto_c100_seed1_paired_rerun,10,87.880000,91.796000,9.188889,98.700000;96.750000;94.270000;92.650000;91.380000;91.500000;89.890000;88.740000;86.200000;87.880000,100.000000;99.800000;99.670000;99.450000;99.140000;99.020000;98.960000;98.760000;98.470000;98.520000,1786135710,2,SD-Lora-CL/logs/sa_sdlora/cifar224/0/10/sa_sdlora_proto_c100_seed1_paired_rerun_1_vit_base_patch16_224.log | SD-Lora-CL/sa_sdlora_proto_c100_seed1_paired_rerun.log
cuda6,SD-Lora-CL,SD-Lora-CL/logs/sa_sdlora/cifar224/0/10/sa_sdlora_proto_c100_seed2_2_vit_base_patch16_224.log,./exps/sa_sdlora_proto_c100_seed2.json,cifar224,sa_sdlora_proto_c100_seed2,10,87.900000,91.424000,8.700000,98.500000;97.550000;92.970000;91.650000;91.600000;90.280000;88.770000;87.520000;87.500000;87.900000,100.000000;99.850000;99.700000;99.550000;99.540000;99.150000;98.910000;98.920000;98.820000;98.700000,1786054411,2,SD-Lora-CL/logs/sa_sdlora/cifar224/0/10/sa_sdlora_proto_c100_seed2_2_vit_base_patch16_224.log | SD-Lora-CL/sa_sdlora_proto_c100_seed2.log
cuda6,SD-Lora-CL,SD-Lora-CL/logs/sa_sdlora/cifar224/0/10/sa_sdlora_proto_c100_seed2_paired_rerun_2_vit_base_patch16_224.log,./exps/sa_sdlora_proto_c100_seed2_paired_rerun.json,cifar224,sa_sdlora_proto_c100_seed2_paired_rerun,10,87.780000,91.397000,8.855556,98.500000;97.550000;93.030000;91.680000;91.580000;90.230000;88.710000;87.540000;87.370000;87.780000,100.000000;99.850000;99.700000;99.550000;99.520000;99.130000;98.900000;98.860000;98.800000;98.740000,1786139514,2,SD-Lora-CL/logs/sa_sdlora/cifar224/0/10/sa_sdlora_proto_c100_seed2_paired_rerun_2_vit_base_patch16_224.log | SD-Lora-CL/sa_sdlora_proto_c100_seed2_paired_rerun.log
cuda6,SD-Lora-CL,SD-Lora-CL/logs/sa_sdlora/cifar224/0/10/sa_sdlora_proto_c100_seed3_3_vit_base_patch16_224.log,./exps/sa_sdlora_proto_c100_seed3.json,cifar224,sa_sdlora_proto_c100_seed3,10,88.070000,91.263000,8.655556,98.900000;96.050000;93.870000;93.150000;90.180000;88.950000;87.990000;87.510000;87.960000;88.070000,99.900000;99.900000;99.600000;99.450000;99.180000;98.920000;99.000000;98.700000;98.820000;98.750000,1786058199,2,SD-Lora-CL/logs/sa_sdlora/cifar224/0/10/sa_sdlora_proto_c100_seed3_3_vit_base_patch16_224.log | SD-Lora-CL/sa_sdlora_proto_c100_seed3.log
cuda6,SD-Lora-CL,SD-Lora-CL/logs/sa_sdlora/cifar224/0/10/sa_sdlora_proto_c100_seed3_paired_rerun_3_vit_base_patch16_224.log,./exps/sa_sdlora_proto_c100_seed3_paired_rerun.json,cifar224,sa_sdlora_proto_c100_seed3_paired_rerun,10,88.080000,91.244000,8.544444,98.900000;96.050000;94.000000;93.100000;89.940000;88.900000;87.860000;87.620000;87.990000;88.080000,99.900000;99.900000;99.600000;99.480000;99.160000;98.930000;98.990000;98.710000;98.830000;98.760000,1786143308,2,SD-Lora-CL/logs/sa_sdlora/cifar224/0/10/sa_sdlora_proto_c100_seed3_paired_rerun_3_vit_base_patch16_224.log | SD-Lora-CL/sa_sdlora_proto_c100_seed3_paired_rerun.log
cuda6,SD-Lora-CL,SD-Lora-CL/logs/sa_sdlora/cifar224/0/10/sa_sdlora_r20_c100_seed1993_1993_vit_base_patch16_224.log,./exps/sa_sdlora_r20_c100_seed1993.json,cifar224,sa_sdlora_r20_c100_seed1993,10,86.350000,91.468000,8.677778,99.400000;96.650000;94.230000;93.080000;91.020000;89.700000;89.790000;87.640000;86.820000;86.350000,100.000000;99.900000;99.500000;99.280000;99.240000;99.030000;98.960000;98.890000;98.540000;98.480000,1785884763,2,SD-Lora-CL/logs/sa_sdlora/cifar224/0/10/sa_sdlora_r20_c100_seed1993_1993_vit_base_patch16_224.log | SD-Lora-CL/sa_sdlora_r20_c100_seed1993.log
cuda6,SD-Lora-CL,SD-Lora-CL/logs/sa_sdlora/cifar224/0/20/p5_exp009_t5_c100_nccl_1993_vit_base_patch16_224.log,./exps/p5_exp009_t5_c100_nccl.json,cifar224,p5_exp009_t5_c100_nccl,5,89.110000,92.272000,7.150000,97.150000;94.520000;91.420000;89.160000;89.110000,99.750000;99.480000;99.030000;98.950000;98.940000,1786497988,2,SD-Lora-CL/logs/sa_sdlora/cifar224/0/20/p5_exp009_t5_c100_nccl_1993_vit_base_patch16_224.log | SD-Lora-CL/p5_exp009_t5_c100_nccl.log
cuda6,SD-Lora-CL,SD-Lora-CL/logs/sa_sdlora/cifar224/0/20/p5_full_t5_c100_nccl_1993_vit_base_patch16_224.log,./exps/p5_full_t5_c100_nccl.json,cifar224,p5_full_t5_c100_nccl,5,89.140000,92.498000,6.912500,97.450000;94.650000;92.470000;88.780000;89.140000,99.750000;99.580000;99.270000;98.950000;98.880000,1786463875,2,SD-Lora-CL/logs/sa_sdlora/cifar224/0/20/p5_full_t5_c100_nccl_1993_vit_base_patch16_224.log | SD-Lora-CL/p5_full_t5_c100_nccl.log
cuda6,SD-Lora-CL,SD-Lora-CL/logs/sa_sdlora/cifar224/0/20/sa_cumulative_c100_seed1993_gauge_t5_1993_vit_base_patch16_224.log,./exps/sa_cumulative_c100_seed1993_gauge_t5.json,cifar224,sa_cumulative_c100_seed1993_gauge_t5,5,88.060000,91.518000,8.775000,96.900000;93.850000;90.920000;87.860000;88.060000,99.700000;99.250000;99.030000;98.800000;98.560000,1786067060,2,SD-Lora-CL/logs/sa_sdlora/cifar224/0/20/sa_cumulative_c100_seed1993_gauge_t5_1993_vit_base_patch16_224.log | SD-Lora-CL/sa_cumulative_c100_seed1993_gauge_t5.log
cuda6,SD-Lora-CL,SD-Lora-CL/logs/sa_sdlora/cifar224/0/20/sa_sdlora_proto_c100_seed1993_t5_1993_vit_base_patch16_224.log,./exps/sa_sdlora_proto_c100_seed1993_t5.json,cifar224,sa_sdlora_proto_c100_seed1993_t5,5,89.030000,92.092000,7.325000,96.950000;94.100000;91.600000;88.780000;89.030000,99.650000;99.350000;99.000000;98.880000;98.840000,1786093257,2,SD-Lora-CL/logs/sa_sdlora/cifar224/0/20/sa_sdlora_proto_c100_seed1993_t5_1993_vit_base_patch16_224.log | SD-Lora-CL/sa_sdlora_proto_c100_seed1993_t5.log
cuda6,SD-Lora-CL,SD-Lora-CL/logs/sa_sdlora/cifar224/0/5/p5_exp009_t20_c100_nccl_1993_vit_base_patch16_224.log,./exps/p5_exp009_t20_c100_nccl.json,cifar224,p5_exp009_t20_c100_nccl,20,85.550000,91.280500,10.852632,98.600000;97.500000;97.000000;95.900000;95.000000;94.800000;93.030000;93.350000;92.040000;91.020000;90.200000;88.780000;89.420000;89.460000;88.290000;86.860000;86.690000;85.710000;86.410000;85.550000,100.000000;99.800000;99.800000;99.650000;99.520000;99.500000;99.230000;99.400000;99.360000;99.340000;99.250000;98.300000;98.650000;98.540000;98.520000;98.700000;98.690000;98.230000;98.470000;98.310000,1786506352,2,SD-Lora-CL/logs/sa_sdlora/cifar224/0/5/p5_exp009_t20_c100_nccl_1993_vit_base_patch16_224.log | SD-Lora-CL/p5_exp009_t20_c100_nccl.log
cuda6,SD-Lora-CL,SD-Lora-CL/logs/sa_sdlora/cifar224/0/5/p5_full_t20_c100_nccl_1993_vit_base_patch16_224.log,./exps/p5_full_t20_c100_nccl.json,cifar224,p5_full_t20_c100_nccl,20,85.370000,90.405000,10.589474,99.600000;98.100000;96.870000;95.050000;93.240000;92.270000;90.400000;90.900000;89.560000;88.380000;88.850000;88.550000;89.310000;89.330000;88.080000;86.410000;86.330000;85.380000;86.120000;85.370000,100.000000;100.000000;99.870000;99.600000;99.440000;99.330000;99.030000;99.100000;98.980000;99.120000;99.240000;98.200000;98.620000;98.430000;98.440000;98.550000;98.600000;98.190000;98.410000;98.220000,1786468233,2,SD-Lora-CL/logs/sa_sdlora/cifar224/0/5/p5_full_t20_c100_nccl_1993_vit_base_patch16_224.log | SD-Lora-CL/p5_full_t20_c100_nccl.log
cuda6,SD-Lora-CL,SD-Lora-CL/logs/sa_sdlora/cifar224/0/5/p7_t20_c100_full_seed1_nccl_1_vit_base_patch16_224.log,./exps/p7_t20_c100_full_seed1_nccl.json,cifar224,p7_t20_c100_full_seed1_nccl,20,86.290000,90.492500,9.821053,99.200000;97.700000;96.070000;96.300000;92.800000;90.630000;90.060000;89.420000;89.530000;89.360000;91.050000;91.000000;88.750000;89.210000;88.550000;87.260000;86.010000;84.990000;85.670000;86.290000,100.000000;99.900000;99.930000;99.650000;99.520000;99.630000;99.430000;99.420000;99.160000;99.020000;98.980000;98.950000;98.600000;98.810000;98.630000;98.450000;98.460000;98.310000;98.000000;98.070000,1787543198,2,SD-Lora-CL/logs/sa_sdlora/cifar224/0/5/p7_t20_c100_full_seed1_nccl_1_vit_base_patch16_224.log | SD-Lora-CL/p7_t20_c100_full_seed1_nccl.log
cuda6,SD-Lora-CL,SD-Lora-CL/logs/sa_sdlora/cifar224/0/5/sa_cumulative_c100_seed1993_gauge_t20_1993_vit_base_patch16_224.log,./exps/sa_cumulative_c100_seed1993_gauge_t20.json,cifar224,sa_cumulative_c100_seed1993_gauge_t20,20,85.630000,91.247000,10.715789,98.600000;97.800000;96.800000;95.950000;94.840000;94.570000;92.830000;93.800000;92.090000;91.020000;89.850000;88.900000;89.400000;89.890000;88.670000;86.460000;86.270000;85.120000;86.450000;85.630000,100.000000;99.800000;99.730000;99.700000;99.360000;99.430000;99.200000;99.400000;99.160000;99.160000;99.130000;98.220000;98.800000;98.830000;98.850000;98.580000;98.610000;98.110000;98.470000;98.260000,1786070534,2,SD-Lora-CL/logs/sa_sdlora/cifar224/0/5/sa_cumulative_c100_seed1993_gauge_t20_1993_vit_base_patch16_224.log | SD-Lora-CL/sa_cumulative_c100_seed1993_gauge_t20.log
cuda6,SD-Lora-CL,SD-Lora-CL/logs/sa_sdlora/cub/0/20/p5_cub_exp009_seed1_nccl_1_vit_base_patch16_224.log,./exps/p5_cub_exp009_seed1_nccl.json,cub,p5_cub_exp009_seed1_nccl,10,77.890000,86.977000,17.078889,96.700000;93.260000;90.510000;89.070000;87.490000;85.950000;83.380000;82.570000;82.950000;77.890000,100.000000;99.570000;99.540000;98.880000;98.520000;98.100000;98.090000;98.050000;97.520000;96.360000,1786550111,2,SD-Lora-CL/logs/sa_sdlora/cub/0/20/p5_cub_exp009_seed1_nccl_1_vit_base_patch16_224.log | SD-Lora-CL/p5_cub_exp009_seed1_nccl.log
cuda6,SD-Lora-CL,SD-Lora-CL/logs/sa_sdlora/cub/0/20/p5_cub_exp009_seed2_nccl_2_vit_base_patch16_224.log,./exps/p5_cub_exp009_seed2_nccl.json,cub,p5_cub_exp009_seed2_nccl,10,72.200000,83.471000,17.096667,96.080000;93.000000;90.410000;84.380000;84.050000;82.580000;78.960000;76.560000;76.490000;72.200000,99.660000;99.390000;99.010000;98.490000;98.170000;97.420000;96.820000;96.460000;96.390000;95.460000,1786552123,2,SD-Lora-CL/logs/sa_sdlora/cub/0/20/p5_cub_exp009_seed2_nccl_2_vit_base_patch16_224.log | SD-Lora-CL/p5_cub_exp009_seed2_nccl.log
cuda6,SD-Lora-CL,SD-Lora-CL/logs/sa_sdlora/cub/0/20/p5_cub_exp009_seed3_nccl_3_vit_base_patch16_224.log,./exps/p5_cub_exp009_seed3_nccl.json,cub,p5_cub_exp009_seed3_nccl,10,76.010000,84.578000,17.283333,97.940000;93.540000;89.660000;86.050000;83.110000;80.490000;80.570000;79.810000;78.600000;76.010000,100.000000;99.390000;98.950000;98.640000;98.330000;97.800000;97.620000;97.220000;96.790000;96.310000,1786554131,2,SD-Lora-CL/logs/sa_sdlora/cub/0/20/p5_cub_exp009_seed3_nccl_3_vit_base_patch16_224.log | SD-Lora-CL/p5_cub_exp009_seed3_nccl.log
cuda6,SD-Lora-CL,SD-Lora-CL/logs/sa_sdlora/cub/0/20/p5_cub_livea_dual_b_seed1_nccl_1_vit_base_patch16_224.log,./exps/p5_cub_livea_dual_b_seed1_nccl.json,cub,p5_cub_livea_dual_b_seed1_nccl,10,77.840000,85.848000,16.273333,97.740000;88.000000;88.000000;86.430000;85.040000;86.300000;83.580000;82.440000;83.110000;77.840000,100.000000;99.570000;99.370000;99.220000;98.730000;98.270000;98.060000;98.070000;97.520000;96.670000,1786538683,2,SD-Lora-CL/logs/sa_sdlora/cub/0/20/p5_cub_livea_dual_b_seed1_nccl_1_vit_base_patch16_224.log | SD-Lora-CL/p5_cub_livea_dual_b_seed1_nccl.log
cuda6,SD-Lora-CL,SD-Lora-CL/logs/sa_sdlora/cub/0/20/p5_cub_livea_dual_b_seed2_nccl_2_vit_base_patch16_224.log,./exps/p5_cub_livea_dual_b_seed2_nccl.json,cub,p5_cub_livea_dual_b_seed2_nccl,10,71.800000,83.223000,17.021111,97.100000;91.270000;89.240000;85.200000;82.670000;82.900000;79.010000;76.780000;76.260000;71.800000,99.830000;99.650000;99.530000;98.750000;98.240000;97.560000;97.010000;96.520000;96.390000;95.510000,1786541093,2,SD-Lora-CL/logs/sa_sdlora/cub/0/20/p5_cub_livea_dual_b_seed2_nccl_2_vit_base_patch16_224.log | SD-Lora-CL/p5_cub_livea_dual_b_seed2_nccl.log
cuda6,SD-Lora-CL,SD-Lora-CL/logs/sa_sdlora/cub/0/20/p5_cub_livea_dual_b_seed3_nccl_3_vit_base_patch16_224.log,./exps/p5_cub_livea_dual_b_seed3_nccl.json,cub,p5_cub_livea_dual_b_seed3_nccl,10,76.160000,84.038000,17.020000,97.940000;91.970000;89.140000;83.950000;81.330000;80.400000;80.670000;80.180000;78.640000;76.160000,99.830000;99.300000;98.950000;98.690000;98.230000;97.920000;97.720000;97.370000;96.850000;96.530000,1786543452,2,SD-Lora-CL/logs/sa_sdlora/cub/0/20/p5_cub_livea_dual_b_seed3_nccl_3_vit_base_patch16_224.log | SD-Lora-CL/p5_cub_livea_dual_b_seed3_nccl.log
cuda6,SD-Lora-CL,SD-Lora-CL/logs/sa_sdlora/cub/0/20/sa_cumulative_cub_seed1_gauge_1_vit_base_patch16_224.log,./exps/sa_cumulative_cub_seed1_gauge.json,cub,sa_cumulative_cub_seed1_gauge,10,79.790000,87.693000,14.198889,96.700000;93.010000;90.970000;89.370000;87.700000;86.330000;84.720000;85.020000;83.320000;79.790000,100.000000;99.650000;99.260000;98.830000;98.410000;98.440000;98.140000;98.140000;97.500000;96.760000,1786071363,2,SD-Lora-CL/logs/sa_sdlora/cub/0/20/sa_cumulative_cub_seed1_gauge_1_vit_base_patch16_224.log | SD-Lora-CL/sa_cumulative_cub_seed1_gauge.log
cuda6,SD-Lora-CL,SD-Lora-CL/logs/sa_sdlora/cub/0/20/sa_sdlora_proto_cub_seed1_1_vit_base_patch16_224.log,./exps/sa_sdlora_proto_cub_seed1.json,cub,sa_sdlora_proto_cub_seed1,10,71.750000,84.928000,23.307778,96.700000;92.570000;90.340000;87.770000;85.040000;82.460000;82.590000;81.920000;78.140000;71.750000,100.000000;99.570000;99.370000;98.960000;98.310000;97.750000;97.710000;97.940000;96.940000;93.870000,1786072490,2,SD-Lora-CL/logs/sa_sdlora/cub/0/20/sa_sdlora_proto_cub_seed1_1_vit_base_patch16_224.log | SD-Lora-CL/sa_sdlora_proto_cub_seed1.log
cuda6,SD-Lora-CL,SD-Lora-CL/logs/sa_sdlora/imagenetr/0/10/p5_exp009_t20_inr_nccl_1995_vit_base_patch16_224.log,./exps/p5_exp009_t20_inr_nccl.json,imagenetr,p5_exp009_t20_inr_nccl,20,78.230000,82.148000,9.752105,92.430000;91.260000;85.500000;87.060000;84.440000;84.740000;82.880000;82.490000;81.270000;80.640000;80.490000;81.610000;79.790000;78.590000;79.170000;79.010000;77.670000;77.460000;78.230000;78.230000,99.370000;98.280000;96.320000;96.420000;95.390000;95.070000;94.240000;94.150000;93.980000;93.870000;93.260000;93.210000;92.980000;92.400000;92.310000;92.600000;92.180000;91.780000;91.850000;92.030000,1786515232,2,SD-Lora-CL/logs/sa_sdlora/imagenetr/0/10/p5_exp009_t20_inr_nccl_1995_vit_base_patch16_224.log | SD-Lora-CL/p5_exp009_t20_inr_nccl.log
cuda6,SD-Lora-CL,SD-Lora-CL/logs/sa_sdlora/imagenetr/0/10/p5_full_t20_inr_nccl_1995_vit_base_patch16_224.log,./exps/p5_full_t20_inr_nccl.json,imagenetr,p5_full_t20_inr_nccl,20,78.230000,82.485500,9.161579,94.320000;90.800000;87.610000;87.520000;85.160000;84.280000;82.580000;81.960000;82.080000;80.770000;82.380000;81.690000;80.020000;78.400000;79.220000;78.990000;77.670000;77.630000;78.400000;78.230000,99.050000;97.820000;97.270000;96.800000;95.990000;95.830000;94.920000;94.680000;94.050000;93.800000;94.160000;93.320000;92.830000;92.120000;92.350000;92.530000;92.060000;91.710000;91.760000;91.850000,1786474829,2,SD-Lora-CL/logs/sa_sdlora/imagenetr/0/10/p5_full_t20_inr_nccl_1995_vit_base_patch16_224.log | SD-Lora-CL/p5_full_t20_inr_nccl.log
cuda6,SD-Lora-CL,SD-Lora-CL/logs/sa_sdlora/imagenetr/0/10/sa_cumulative_inr_seed1995_gauge_t20_1995_vit_base_patch16_224.log,./exps/sa_cumulative_inr_seed1995_gauge_t20.json,imagenetr,sa_cumulative_inr_seed1995_gauge_t20,20,77.030000,81.567000,9.512105,92.110000;89.860000;85.820000;86.070000;85.160000;84.840000;82.750000;80.900000;79.860000;79.490000;80.430000;81.470000;79.350000;78.040000;78.430000;78.080000;76.900000;77.510000;77.240000;77.030000,99.680000;98.280000;96.320000;95.590000;95.210000;95.020000;94.450000;93.960000;93.590000;93.340000;93.290000;93.400000;92.570000;92.140000;91.680000;91.630000;91.080000;91.240000;91.230000;91.480000,1786061556,2,SD-Lora-CL/logs/sa_sdlora/imagenetr/0/10/sa_cumulative_inr_seed1995_gauge_t20_1995_vit_base_patch16_224.log | SD-Lora-CL/sa_cumulative_inr_seed1995_gauge_t20.log
cuda6,SD-Lora-CL,SD-Lora-CL/logs/sa_sdlora/imagenetr/0/10/sa_sdlora_proto_inr_seed1995_t20_1995_vit_base_patch16_224.log,./exps/sa_sdlora_proto_inr_seed1995_t20.json,imagenetr,sa_sdlora_proto_inr_seed1995_t20,20,78.130000,82.528500,9.301053,91.800000;90.170000;86.450000;87.140000;85.280000;85.300000;83.530000;82.150000;81.060000;80.710000;81.600000;82.130000;80.480000;80.160000;79.870000;79.480000;78.520000;78.450000;78.160000;78.130000,99.680000;98.750000;96.530000;96.190000;95.990000;95.170000;94.620000;94.610000;93.980000;93.870000;93.920000;94.000000;93.620000;92.760000;92.220000;92.360000;92.200000;92.040000;92.150000;92.160000,1786088041,2,SD-Lora-CL/logs/sa_sdlora/imagenetr/0/10/sa_sdlora_proto_inr_seed1995_t20_1995_vit_base_patch16_224.log | SD-Lora-CL/sa_sdlora_proto_inr_seed1995_t20.log
cuda6,SD-Lora-CL,SD-Lora-CL/logs/sa_sdlora/imagenetr/0/20/lrpt_classwise_smoke_inr_1995_vit_base_patch16_224.log,./exps/lrpt_classwise_smoke_inr.json,imagenetr,lrpt_classwise_smoke_inr,4,63.840000,64.582500,16.370000,83.780000;50.840000;59.870000;63.840000,96.410000;62.020000;70.450000;74.140000,1786001091,1,SD-Lora-CL/logs/sa_sdlora/imagenetr/0/20/lrpt_classwise_smoke_inr_1995_vit_base_patch16_224.log
cuda6,SD-Lora-CL,SD-Lora-CL/logs/sa_sdlora/imagenetr/0/20/lrpt_lora_sa_sdlora_proto_inr_seed1995_1995_vit_base_patch16_224.log,./exps/lrpt_lora_inr_seed1995.json,imagenetr,lrpt_lora_inr_seed1995,10,79.490000,82.638000,6.363333,90.800000;86.680000;84.790000;82.950000;81.600000;82.320000;79.260000;80.000000;78.490000;79.490000,98.280000;96.190000;96.080000;94.800000;93.670000;93.420000;92.640000;92.680000;91.780000;92.660000,1785987797,2,SD-Lora-CL/logs/sa_sdlora/imagenetr/0/20/lrpt_lora_sa_sdlora_proto_inr_seed1995_1995_vit_base_patch16_224.log | SD-Lora-CL/lrpt_lora_inr_seed1995.log
cuda6,SD-Lora-CL,SD-Lora-CL/logs/sa_sdlora/imagenetr/0/20/lrpt_lora_sa_sdlora_proto_inr_seed1995_na_1995_vit_base_patch16_224.log,./exps/lrpt_lora_inr_na_seed1995.json,imagenetr,lrpt_lora_inr_na_seed1995,10,79.430000,82.675000,6.182222,91.580000;86.680000;84.740000;82.990000;81.430000;82.210000;79.570000;79.600000;78.520000;79.430000,98.600000;96.270000;95.880000;94.720000;93.630000;93.370000;92.780000;92.640000;91.760000;92.580000,1785990161,2,SD-Lora-CL/logs/sa_sdlora/imagenetr/0/20/lrpt_lora_sa_sdlora_proto_inr_seed1995_na_1995_vit_base_patch16_224.log | SD-Lora-CL/lrpt_lora_inr_na_seed1995.log
cuda6,SD-Lora-CL,SD-Lora-CL/logs/sa_sdlora/imagenetr/0/20/lrpt_lora_smoke_inr_1995_vit_base_patch16_224.log,./exps/lrpt_lora_smoke_inr.json,imagenetr,lrpt_lora_smoke_inr,10,76.680000,80.793000,5.806667,88.460000;85.160000;83.880000;81.470000;79.750000;80.570000;77.800000;77.580000;76.580000;76.680000,97.500000;95.970000;95.470000;94.420000;93.440000;93.450000;92.070000;91.820000;91.160000;91.230000,1785985442,1,SD-Lora-CL/logs/sa_sdlora/imagenetr/0/20/lrpt_lora_smoke_inr_1995_vit_base_patch16_224.log
cuda6,SD-Lora-CL,SD-Lora-CL/logs/sa_sdlora/imagenetr/0/20/lrpt_sa_sdlora_proto_inr_seed1995_1995_vit_base_patch16_224.log,./exps/lrpt_sa_sdlora_inr_seed1995.json,imagenetr,lrpt_sa_sdlora_inr_seed1995,10,79.630000,83.082000,6.520000,91.420000;85.620000;85.910000;83.360000;82.650000;82.350000;80.660000;80.380000;78.840000;79.630000,97.970000;95.430000;95.270000;94.720000;94.290000;93.620000;93.360000;92.580000;92.020000;92.730000,1785944135,1,SD-Lora-CL/logs/sa_sdlora/imagenetr/0/20/lrpt_sa_sdlora_proto_inr_seed1995_1995_vit_base_patch16_224.log
cuda6,SD-Lora-CL,SD-Lora-CL/logs/sa_sdlora/imagenetr/0/20/lrpt_sa_sdlora_proto_inr_seed1995_affine_1995_vit_base_patch16_224.log,./exps/lrpt_sa_sdlora_inr_affine_seed1995.json,imagenetr,lrpt_sa_sdlora_inr_affine_seed1995,10,79.380000,83.028000,6.791111,92.040000;86.990000;85.550000;83.480000;81.730000;82.590000;80.190000;79.770000;78.560000;79.380000,98.440000;96.270000;95.980000;94.910000;93.540000;93.400000;93.170000;92.340000;91.670000;92.850000,1785959681,2,SD-Lora-CL/logs/sa_sdlora/imagenetr/0/20/lrpt_sa_sdlora_proto_inr_seed1995_affine_1995_vit_base_patch16_224.log | SD-Lora-CL/lrpt_sa_sdlora_inr_affine_seed1995.log
cuda6,SD-Lora-CL,SD-Lora-CL/logs/sa_sdlora/imagenetr/0/20/lrpt_sa_sdlora_proto_inr_seed1995_affine_r10_1995_vit_base_patch16_224.log,./exps/lrpt_sa_sdlora_inr_affine_rank10_seed1995.json,imagenetr,lrpt_sa_sdlora_inr_affine_rank10_seed1995,10,79.290000,82.999000,6.606667,91.420000;87.060000;85.250000;83.440000;81.790000;82.780000;80.330000;80.070000;78.560000;79.290000,98.750000;96.350000;96.190000;94.760000;93.670000;93.420000;92.950000;92.410000;91.800000;92.660000,1785966242,2,SD-Lora-CL/logs/sa_sdlora/imagenetr/0/20/lrpt_sa_sdlora_proto_inr_seed1995_affine_r10_1995_vit_base_patch16_224.log | SD-Lora-CL/lrpt_sa_sdlora_inr_affine_rank10_seed1995.log
cuda6,SD-Lora-CL,SD-Lora-CL/logs/sa_sdlora/imagenetr/0/20/lrpt_sa_sdlora_proto_inr_seed1995_affine_r10_adaptive_1995_vit_base_patch16_224.log,./exps/lrpt_sa_sdlora_inr_affine_r10_adaptive_seed1995.json,imagenetr,lrpt_sa_sdlora_inr_affine_r10_adaptive_seed1995,10,79.130000,82.858000,6.844444,91.110000;86.610000;85.450000;83.290000;82.120000;82.620000;79.920000;79.690000;78.640000;79.130000,98.440000;95.890000;96.290000;94.640000;93.570000;93.560000;93.190000;92.280000;91.860000;92.910000,1786015735,2,SD-Lora-CL/logs/sa_sdlora/imagenetr/0/20/lrpt_sa_sdlora_proto_inr_seed1995_affine_r10_adaptive_1995_vit_base_patch16_224.log | SD-Lora-CL/lrpt_sa_sdlora_inr_affine_r10_adaptive_seed1995.log
cuda6,SD-Lora-CL,SD-Lora-CL/logs/sa_sdlora/imagenetr/0/20/lrpt_sa_sdlora_proto_inr_seed1995_affine_r10_d05_1995_vit_base_patch16_224.log,./exps/lrpt_sa_sdlora_inr_affine_r10_d05_seed1995.json,imagenetr,lrpt_sa_sdlora_inr_affine_r10_d05_seed1995,10,79.430000,82.906000,6.615556,91.260000;86.380000;85.300000;83.440000;81.700000;82.590000;80.350000;80.030000;78.580000;79.430000,98.280000;95.970000;95.930000;94.680000;93.670000;93.510000;92.970000;92.470000;91.710000;92.780000,1785975077,2,SD-Lora-CL/logs/sa_sdlora/imagenetr/0/20/lrpt_sa_sdlora_proto_inr_seed1995_affine_r10_d05_1995_vit_base_patch16_224.log | SD-Lora-CL/lrpt_sa_sdlora_inr_affine_r10_d05_seed1995.log
cuda6,SD-Lora-CL,SD-Lora-CL/logs/sa_sdlora/imagenetr/0/20/lrpt_sa_sdlora_proto_inr_seed1995_affine_r10_d09_1995_vit_base_patch16_224.log,./exps/lrpt_sa_sdlora_inr_affine_r10_d09_seed1995.json,imagenetr,lrpt_sa_sdlora_inr_affine_r10_d09_seed1995,10,79.260000,83.100000,6.653333,91.730000;87.440000;85.500000;83.360000;82.120000;82.670000;80.300000;80.000000;78.620000;79.260000,98.280000;96.420000;96.290000;94.990000;93.670000;93.510000;92.930000;92.390000;91.760000;92.680000,1785977417,2,SD-Lora-CL/logs/sa_sdlora/imagenetr/0/20/lrpt_sa_sdlora_proto_inr_seed1995_affine_r10_d09_1995_vit_base_patch16_224.log | SD-Lora-CL/lrpt_sa_sdlora_inr_affine_r10_d09_seed1995.log
cuda6,SD-Lora-CL,SD-Lora-CL/logs/sa_sdlora/imagenetr/0/20/lrpt_sa_sdlora_proto_inr_seed1995_classmean_1995_vit_base_patch16_224.log,./exps/lrpt_sa_sdlora_inr_classmean_seed1995.json,imagenetr,lrpt_sa_sdlora_inr_classmean_seed1995,10,78.840000,82.649000,7.070000,91.260000;86.530000;85.760000;83.020000;81.890000;82.560000;79.900000;79.220000;77.510000;78.840000,98.440000;96.270000;96.080000;94.800000;93.210000;93.340000;92.760000;91.820000;90.880000;91.700000,1785968531,2,SD-Lora-CL/logs/sa_sdlora/imagenetr/0/20/lrpt_sa_sdlora_proto_inr_seed1995_classmean_1995_vit_base_patch16_224.log | SD-Lora-CL/lrpt_sa_sdlora_inr_classmean_seed1995.log
cuda6,SD-Lora-CL,SD-Lora-CL/logs/sa_sdlora/imagenetr/0/20/lrpt_sa_sdlora_proto_inr_seed1995_consistency_1995_vit_base_patch16_224.log,./exps/lrpt_sa_sdlora_inr_proto_consistency_seed1995.json,imagenetr,lrpt_sa_sdlora_inr_proto_consistency_seed1995,10,78.410000,81.914000,7.452222,91.110000;85.620000;84.790000;82.870000;81.000000;81.640000;79.420000;78.230000;76.050000;78.410000,98.750000;95.970000;95.630000;94.490000;92.840000;92.660000;92.380000;90.950000;89.890000;91.650000,1786018150,2,SD-Lora-CL/logs/sa_sdlora/imagenetr/0/20/lrpt_sa_sdlora_proto_inr_seed1995_consistency_1995_vit_base_patch16_224.log | SD-Lora-CL/lrpt_sa_sdlora_inr_proto_consistency_seed1995.log
cuda6,SD-Lora-CL,SD-Lora-CL/logs/sa_sdlora/imagenetr/0/20/lrpt_sa_sdlora_proto_inr_seed1995_rank16_1995_vit_base_patch16_224.log,./exps/lrpt_sa_sdlora_inr_rank16_seed1995.json,imagenetr,lrpt_sa_sdlora_inr_rank16_seed1995,10,79.280000,83.115000,6.483333,91.420000;87.210000;86.270000;83.590000;82.220000;82.620000;80.190000;79.770000;78.580000;79.280000,98.600000;96.270000;96.190000;94.910000;93.730000;93.720000;92.970000;92.320000;91.840000;92.450000,1785953232,2,SD-Lora-CL/logs/sa_sdlora/imagenetr/0/20/lrpt_sa_sdlora_proto_inr_seed1995_rank16_1995_vit_base_patch16_224.log | SD-Lora-CL/lrpt_sa_sdlora_inr_rank16_seed1995.log
cuda6,SD-Lora-CL,SD-Lora-CL/logs/sa_sdlora/imagenetr/0/20/lrpt_sa_sdlora_proto_inr_seed1995_v2_1995_vit_base_patch16_224.log,./exps/lrpt_sa_sdlora_inr_seed1995.json,imagenetr,lrpt_sa_sdlora_inr_seed1995,10,79.240000,83.028000,6.306667,90.950000;87.060000;85.550000;83.360000;81.890000;82.730000;80.470000;80.170000;78.860000;79.240000,98.750000;96.190000;96.190000;95.020000;93.700000;93.400000;93.050000;92.530000;91.910000;92.810000,1785946646,2,SD-Lora-CL/logs/sa_sdlora/imagenetr/0/20/lrpt_sa_sdlora_proto_inr_seed1995_v2_1995_vit_base_patch16_224.log | SD-Lora-CL/lrpt_sa_sdlora_inr_seed1995.log
cuda6,SD-Lora-CL,SD-Lora-CL/logs/sa_sdlora/imagenetr/0/20/lrpt_smoke_inr_v2_1995_vit_base_patch16_224.log,./exps/lrpt_smoke_inr.json,imagenetr,lrpt_smoke_inr,10,76.230000,80.662000,6.663333,88.610000;85.010000;83.720000;81.810000;79.910000;80.250000;77.660000;77.390000;76.030000;76.230000,97.660000;95.890000;95.780000;94.040000;93.500000;93.120000;92.160000;91.710000;90.690000;90.950000,1785941889,1,SD-Lora-CL/logs/sa_sdlora/imagenetr/0/20/lrpt_smoke_inr_v2_1995_vit_base_patch16_224.log
cuda6,SD-Lora-CL,SD-Lora-CL/logs/sa_sdlora/imagenetr/0/20/p3_inr_exp009_seed1_nccl_1_vit_base_patch16_224.log,./exps/p3_inr_exp009_seed1_nccl.json,imagenetr,p3_inr_exp009_seed1_nccl,10,78.930000,82.647000,6.857778,90.850000;87.310000;86.110000;83.170000;82.740000;80.040000;79.360000;79.190000;78.770000;78.930000,97.890000;96.100000;95.070000;93.500000;93.520000;92.540000;92.430000;92.520000;92.340000;91.780000,1786273124,2,SD-Lora-CL/logs/sa_sdlora/imagenetr/0/20/p3_inr_exp009_seed1_nccl_1_vit_base_patch16_224.log | SD-Lora-CL/p3_inr_exp009_seed1_nccl.log
cuda6,SD-Lora-CL,SD-Lora-CL/logs/sa_sdlora/imagenetr/0/20/p3_inr_exp009_seed2_nccl_2_vit_base_patch16_224.log,./exps/p3_inr_exp009_seed2_nccl.json,imagenetr,p3_inr_exp009_seed2_nccl,10,79.330000,82.040000,8.371111,86.920000;84.260000;83.690000;82.500000;83.280000;81.090000;80.070000;79.370000;79.890000;79.330000,96.620000;94.360000;94.330000;93.930000;93.730000;93.190000;92.730000;92.240000;92.770000;92.310000,1786283346,2,SD-Lora-CL/logs/sa_sdlora/imagenetr/0/20/p3_inr_exp009_seed2_nccl_2_vit_base_patch16_224.log | SD-Lora-CL/p3_inr_exp009_seed2_nccl.log
cuda6,SD-Lora-CL,SD-Lora-CL/logs/sa_sdlora/imagenetr/0/20/p3_inr_exp009_seed3_nccl_3_vit_base_patch16_224.log,./exps/p3_inr_exp009_seed3_nccl.json,imagenetr,p3_inr_exp009_seed3_nccl,10,78.830000,82.893000,8.930000,91.620000;88.550000;84.560000;82.450000;82.510000;80.740000;80.310000;80.190000;79.170000;78.830000,98.830000;96.550000;94.950000;94.740000;93.880000;93.110000;92.840000;92.880000;92.290000;92.060000,1786293526,2,SD-Lora-CL/logs/sa_sdlora/imagenetr/0/20/p3_inr_exp009_seed3_nccl_3_vit_base_patch16_224.log | SD-Lora-CL/p3_inr_exp009_seed3_nccl.log
cuda6,SD-Lora-CL,SD-Lora-CL/logs/sa_sdlora/imagenetr/0/20/p3_inr_exp009_seed4_nccl_4_vit_base_patch16_224.log,./exps/p3_inr_exp009_seed4_nccl.json,imagenetr,p3_inr_exp009_seed4_nccl,10,79.080000,82.626000,6.873333,91.700000;85.410000;84.740000;83.550000;83.390000;80.230000;80.110000;78.520000;79.530000;79.080000,98.400000;95.370000;95.260000;94.270000;94.220000;92.630000;92.250000;91.680000;91.760000;92.010000,1786303707,2,SD-Lora-CL/logs/sa_sdlora/imagenetr/0/20/p3_inr_exp009_seed4_nccl_4_vit_base_patch16_224.log | SD-Lora-CL/p3_inr_exp009_seed4_nccl.log
cuda6,SD-Lora-CL,SD-Lora-CL/logs/sa_sdlora/imagenetr/0/20/p3_inr_exp009_seed5_nccl_5_vit_base_patch16_224.log,./exps/p3_inr_exp009_seed5_nccl.json,imagenetr,p3_inr_exp009_seed5_nccl,10,79.610000,82.942000,7.441111,91.030000;87.220000;83.980000;84.400000;82.870000;81.500000;80.970000;79.290000;78.550000;79.610000,98.400000;96.410000;94.790000;94.860000;93.760000;93.540000;92.480000;91.710000;91.710000;91.980000,1786313968,2,SD-Lora-CL/logs/sa_sdlora/imagenetr/0/20/p3_inr_exp009_seed5_nccl_5_vit_base_patch16_224.log | SD-Lora-CL/p3_inr_exp009_seed5_nccl.log
cuda6,SD-Lora-CL,SD-Lora-CL/logs/sa_sdlora/imagenetr/0/20/p3_inr_livea_dual_b_seed1_nccl_1_vit_base_patch16_224.log,./exps/p3_inr_livea_dual_b_seed1_nccl.json,imagenetr,p3_inr_livea_dual_b_seed1_nccl,10,78.910000,83.357000,6.517778,92.250000;90.380000;86.670000;84.640000;83.370000;79.990000;79.190000;79.380000;78.790000;78.910000,99.300000;96.770000;95.180000;94.290000;94.410000;92.510000;92.450000;92.430000;92.120000;91.700000,1786265884,2,SD-Lora-CL/logs/sa_sdlora/imagenetr/0/20/p3_inr_livea_dual_b_seed1_nccl_1_vit_base_patch16_224.log | SD-Lora-CL/p3_inr_livea_dual_b_seed1_nccl.log
cuda6,SD-Lora-CL,SD-Lora-CL/logs/sa_sdlora/imagenetr/0/20/p3_inr_livea_dual_b_seed2_nccl_2_vit_base_patch16_224.log,./exps/p3_inr_livea_dual_b_seed2_nccl.json,imagenetr,p3_inr_livea_dual_b_seed2_nccl,10,79.160000,82.278000,8.404444,88.400000;84.530000;84.160000;83.140000;83.150000;81.250000;79.830000;79.470000;79.690000;79.160000,97.260000;95.000000;94.330000;94.270000;93.960000;93.240000;92.920000;92.320000;92.520000;92.130000,1786276051,2,SD-Lora-CL/logs/sa_sdlora/imagenetr/0/20/p3_inr_livea_dual_b_seed2_nccl_2_vit_base_patch16_224.log | SD-Lora-CL/p3_inr_livea_dual_b_seed2_nccl.log
cuda6,SD-Lora-CL,SD-Lora-CL/logs/sa_sdlora/imagenetr/0/20/p3_inr_livea_dual_b_seed3_nccl_3_vit_base_patch16_224.log,./exps/p3_inr_livea_dual_b_seed3_nccl.json,imagenetr,p3_inr_livea_dual_b_seed3_nccl,10,78.810000,83.540000,9.056667,91.790000;88.550000;87.170000;83.530000;84.340000;81.050000;80.360000;80.630000;79.170000;78.810000,98.990000;96.800000;95.610000;94.780000;94.270000;93.090000;92.880000;92.880000;92.510000;91.960000,1786286305,2,SD-Lora-CL/logs/sa_sdlora/imagenetr/0/20/p3_inr_livea_dual_b_seed3_nccl_3_vit_base_patch16_224.log | SD-Lora-CL/p3_inr_livea_dual_b_seed3_nccl.log
cuda6,SD-Lora-CL,SD-Lora-CL/logs/sa_sdlora/imagenetr/0/20/p3_inr_livea_dual_b_seed4_nccl_4_vit_base_patch16_224.log,./exps/p3_inr_livea_dual_b_seed4_nccl.json,imagenetr,p3_inr_livea_dual_b_seed4_nccl,10,79.080000,82.810000,7.111111,91.120000;86.520000;85.050000;84.550000;83.100000;80.280000;80.000000;78.680000;79.720000;79.080000,97.960000;95.140000;94.900000;94.000000;93.930000;92.790000;92.390000;91.720000;91.960000;92.250000,1786296473,2,SD-Lora-CL/logs/sa_sdlora/imagenetr/0/20/p3_inr_livea_dual_b_seed4_nccl_4_vit_base_patch16_224.log | SD-Lora-CL/p3_inr_livea_dual_b_seed4_nccl.log
cuda6,SD-Lora-CL,SD-Lora-CL/logs/sa_sdlora/imagenetr/0/20/p3_inr_livea_dual_b_seed5_nccl_5_vit_base_patch16_224.log,./exps/p3_inr_livea_dual_b_seed5_nccl.json,imagenetr,p3_inr_livea_dual_b_seed5_nccl,10,79.410000,83.334000,7.322222,92.150000;88.140000;85.100000;84.280000;84.050000;81.360000;81.040000;79.340000;78.470000;79.410000,97.760000;96.410000;95.410000;95.150000;94.320000;93.090000;92.190000;91.860000;91.820000;91.950000,1786306646,2,SD-Lora-CL/logs/sa_sdlora/imagenetr/0/20/p3_inr_livea_dual_b_seed5_nccl_5_vit_base_patch16_224.log | SD-Lora-CL/p3_inr_livea_dual_b_seed5_nccl.log
cuda6,SD-Lora-CL,SD-Lora-CL/logs/sa_sdlora/imagenetr/0/20/p4_abl_c_imagenetr_seed1_nccl_1_vit_base_patch16_224.log,./exps/p4_abl_c_imagenetr_seed1_nccl.json,imagenetr,p4_abl_c_imagenetr_seed1_nccl,10,78.210000,83.146000,6.673333,92.250000;89.720000;86.110000;83.970000;83.700000;80.160000;79.930000;78.840000;78.570000;78.210000,99.300000;96.600000;94.850000;93.830000;94.050000;92.400000;92.570000;92.370000;91.860000;91.610000,1786426992,2,SD-Lora-CL/logs/sa_sdlora/imagenetr/0/20/p4_abl_c_imagenetr_seed1_nccl_1_vit_base_patch16_224.log | SD-Lora-CL/p4_abl_c_imagenetr_seed1_nccl.log
cuda6,SD-Lora-CL,SD-Lora-CL/logs/sa_sdlora/imagenetr/0/20/p4_abl_c_imagenetr_seed2_nccl_2_vit_base_patch16_224.log,./exps/p4_abl_c_imagenetr_seed2_nccl.json,imagenetr,p4_abl_c_imagenetr_seed2_nccl,10,78.690000,82.299000,8.145556,88.400000;85.080000;84.160000;83.520000;83.050000;81.360000;80.210000;79.430000;79.090000;78.690000,97.260000;94.810000;94.390000;94.310000;94.290000;92.860000;92.850000;92.380000;92.410000;91.960000,1786429908,2,SD-Lora-CL/logs/sa_sdlora/imagenetr/0/20/p4_abl_c_imagenetr_seed2_nccl_2_vit_base_patch16_224.log | SD-Lora-CL/p4_abl_c_imagenetr_seed2_nccl.log
cuda6,SD-Lora-CL,SD-Lora-CL/logs/sa_sdlora/imagenetr/0/20/p4_abl_c_imagenetr_seed3_nccl_3_vit_base_patch16_224.log,./exps/p4_abl_c_imagenetr_seed3_nccl.json,imagenetr,p4_abl_c_imagenetr_seed3_nccl,10,78.210000,83.345000,9.326667,91.790000;88.550000;86.900000;83.480000;84.080000;81.350000;80.340000;79.880000;78.870000;78.210000,98.990000;96.630000;95.340000;94.520000;93.880000;93.250000;92.880000;92.620000;92.020000;91.480000,1786432873,2,SD-Lora-CL/logs/sa_sdlora/imagenetr/0/20/p4_abl_c_imagenetr_seed3_nccl_3_vit_base_patch16_224.log | SD-Lora-CL/p4_abl_c_imagenetr_seed3_nccl.log
cuda6,SD-Lora-CL,SD-Lora-CL/logs/sa_sdlora/imagenetr/0/20/sa_cumulative_gauge_r4_inr_seed1995_1995_vit_base_patch16_224.log,./exps/sa_cumulative_gauge_r4_inr_seed1995.json,imagenetr,sa_cumulative_gauge_r4_inr_seed1995,10,77.090000,81.259000,8.204444,89.700000;85.540000;83.210000;82.300000;81.000000;80.630000;78.490000;77.920000;76.710000;77.090000,98.600000;96.350000;95.520000;94.270000;93.240000;92.800000;92.000000;91.580000;90.360000;91.100000,1786078179,2,SD-Lora-CL/logs/sa_sdlora/imagenetr/0/20/sa_cumulative_gauge_r4_inr_seed1995_1995_vit_base_patch16_224.log | SD-Lora-CL/sa_cumulative_gauge_r4_inr_seed1995.log
cuda6,SD-Lora-CL,SD-Lora-CL/logs/sa_sdlora/imagenetr/0/20/sa_cumulative_gauge_r8_inr_seed1995_1995_vit_base_patch16_224.log,./exps/sa_cumulative_gauge_r8_inr_seed1995.json,imagenetr,sa_cumulative_gauge_r8_inr_seed1995,10,78.240000,81.984000,6.883333,90.950000;85.620000;83.930000;82.680000;81.600000;81.580000;79.300000;78.630000;77.310000;78.240000,98.440000;96.420000;95.070000;94.110000;94.060000;93.400000;92.360000;91.540000;91.630000;91.610000,1786081185,2,SD-Lora-CL/logs/sa_sdlora/imagenetr/0/20/sa_cumulative_gauge_r8_inr_seed1995_1995_vit_base_patch16_224.log | SD-Lora-CL/sa_cumulative_gauge_r8_inr_seed1995.log
cuda6,SD-Lora-CL,SD-Lora-CL/logs/sa_sdlora/imagenetr/0/20/sa_cumulative_inr_seed1995_cumulative_only_1995_vit_base_patch16_224.log,./exps/sa_cumulative_inr_seed1995_cumulative_only.json,imagenetr,sa_cumulative_inr_seed1995_cumulative_only,10,78.780000,81.695000,7.280000,90.640000;84.250000;83.320000;82.450000;81.370000;81.010000;78.160000;79.030000;77.940000;78.780000,98.750000;95.360000;94.660000;94.680000;93.800000;93.100000;91.740000;91.650000;91.110000;91.780000,1786022007,2,SD-Lora-CL/logs/sa_sdlora/imagenetr/0/20/sa_cumulative_inr_seed1995_cumulative_only_1995_vit_base_patch16_224.log | SD-Lora-CL/sa_cumulative_inr_seed1995_cumulative_only.log
cuda6,SD-Lora-CL,SD-Lora-CL/logs/sa_sdlora/imagenetr/0/20/sa_cumulative_inr_seed1995_gauge_1995_vit_base_patch16_224.log,./exps/sa_cumulative_inr_seed1995_gauge.json,imagenetr,sa_cumulative_inr_seed1995_gauge,10,79.060000,81.765000,6.818889,91.260000;84.320000;83.010000;81.960000;81.330000;81.200000;78.350000;79.080000;78.080000;79.060000,98.440000;95.280000;94.560000;94.680000;93.700000;92.910000;92.070000;91.920000;91.220000;91.660000,1786023508,2,SD-Lora-CL/logs/sa_sdlora/imagenetr/0/20/sa_cumulative_inr_seed1995_gauge_1995_vit_base_patch16_224.log | SD-Lora-CL/sa_cumulative_inr_seed1995_gauge.log
cuda6,SD-Lora-CL,SD-Lora-CL/logs/sa_sdlora/imagenetr/0/20/sa_cumulative_inr_seed1995_gauge_lrpt_1995_vit_base_patch16_224.log,./exps/sa_cumulative_inr_seed1995_gauge_lrpt.json,imagenetr,sa_cumulative_inr_seed1995_gauge_lrpt,10,78.490000,82.194000,6.383333,91.420000;86.150000;84.380000;82.870000;80.740000;81.960000;79.280000;79.060000;77.590000;78.490000,98.600000;96.040000;95.780000;94.340000;93.270000;93.120000;92.450000;91.730000;91.160000;91.730000,1786025286,2,SD-Lora-CL/logs/sa_sdlora/imagenetr/0/20/sa_cumulative_inr_seed1995_gauge_lrpt_1995_vit_base_patch16_224.log | SD-Lora-CL/sa_cumulative_inr_seed1995_gauge_lrpt.log
cuda6,SD-Lora-CL,SD-Lora-CL/logs/sa_sdlora/imagenetr/0/20/sa_cumulative_inr_seed1995_gauge_p0diag_1995_vit_base_patch16_224.log,./exps/sa_cumulative_inr_seed1995_gauge_p0diag.json,imagenetr,sa_cumulative_inr_seed1995_gauge_p0diag,10,78.910000,81.863000,7.017778,91.420000;84.550000;83.160000;82.340000;81.500000;81.090000;78.520000;79.120000;78.020000;78.910000,98.280000;95.510000;94.610000;94.830000;93.870000;92.930000;91.810000;91.710000;91.280000;91.630000,1786074909,2,SD-Lora-CL/logs/sa_sdlora/imagenetr/0/20/sa_cumulative_inr_seed1995_gauge_p0diag_1995_vit_base_patch16_224.log | SD-Lora-CL/sa_cumulative_inr_seed1995_gauge_p0diag.log
cuda6,SD-Lora-CL,SD-Lora-CL/logs/sa_sdlora/imagenetr/0/20/sa_cumulative_inr_seed1_gauge_1_vit_base_patch16_224.log,./exps/sa_cumulative_inr_seed1_gauge.json,imagenetr,sa_cumulative_inr_seed1_gauge,10,77.990000,82.535000,6.767778,90.140000;87.890000;85.320000;83.470000;83.170000;80.960000;79.740000;78.590000;78.080000;77.990000,98.060000;95.850000;94.620000;94.290000;93.580000;93.040000;93.050000;92.330000;91.940000;91.330000,1786029578,2,SD-Lora-CL/logs/sa_sdlora/imagenetr/0/20/sa_cumulative_inr_seed1_gauge_1_vit_base_patch16_224.log | SD-Lora-CL/sa_cumulative_inr_seed1_gauge.log
cuda6,SD-Lora-CL,SD-Lora-CL/logs/sa_sdlora/imagenetr/0/20/sa_cumulative_inr_seed2_gauge_2_vit_base_patch16_224.log,./exps/sa_cumulative_inr_seed2_gauge.json,imagenetr,sa_cumulative_inr_seed2_gauge,10,78.690000,82.014000,8.261111,88.190000;83.530000;83.570000;83.310000;82.880000;81.420000;80.090000;78.850000;79.610000;78.690000,96.840000;94.540000;94.090000;94.390000;93.930000;93.080000;92.750000;92.030000;92.240000;91.910000,1786031071,2,SD-Lora-CL/logs/sa_sdlora/imagenetr/0/20/sa_cumulative_inr_seed2_gauge_2_vit_base_patch16_224.log | SD-Lora-CL/sa_cumulative_inr_seed2_gauge.log
cuda6,SD-Lora-CL,SD-Lora-CL/logs/sa_sdlora/imagenetr/0/20/sa_cumulative_inr_seed3_gauge_3_vit_base_patch16_224.log,./exps/sa_cumulative_inr_seed3_gauge.json,imagenetr,sa_cumulative_inr_seed3_gauge,10,78.090000,82.781000,9.603333,91.960000;88.380000;84.290000;82.540000;82.940000;81.050000;80.220000;79.780000;78.560000;78.090000,98.660000;96.890000;94.840000;94.310000;94.040000;93.500000;92.950000;92.430000;92.180000;91.710000,1786032578,2,SD-Lora-CL/logs/sa_sdlora/imagenetr/0/20/sa_cumulative_inr_seed3_gauge_3_vit_base_patch16_224.log | SD-Lora-CL/sa_cumulative_inr_seed3_gauge.log
cuda6,SD-Lora-CL,SD-Lora-CL/logs/sa_sdlora/imagenetr/0/20/sa_cumulative_smoke_inr_seed1995_1995_vit_base_patch16_224.log,./exps/sa_cumulative_smoke_inr_seed1995.json,imagenetr,sa_cumulative_smoke_inr_seed1995,10,48.320000,57.825000,12.127778,77.690000;70.170000;64.800000;58.870000;55.740000;53.040000;51.990000;50.690000;46.940000;48.320000,93.140000;87.210000;82.710000;76.720000;73.050000;70.310000;69.560000;67.100000;63.230000;64.400000,1786020074,2,SD-Lora-CL/logs/sa_sdlora/imagenetr/0/20/sa_cumulative_smoke_inr_seed1995_1995_vit_base_patch16_224.log | SD-Lora-CL/sa_cumulative_smoke_inr_seed1995.log
cuda6,SD-Lora-CL,SD-Lora-CL/logs/sa_sdlora/imagenetr/0/20/sa_cumulative_union_svd_r10_inr_seed1995_1995_vit_base_patch16_224.log,./exps/sa_cumulative_union_svd_r10_inr_seed1995.json,imagenetr,sa_cumulative_union_svd_r10_inr_seed1995,10,78.610000,81.905000,7.051111,90.640000;84.550000;83.320000;82.420000;81.430000;81.530000;79.160000;79.160000;78.230000;78.610000,98.600000;95.590000;94.860000;94.680000;93.730000;93.290000;92.240000;92.050000;91.310000;91.860000,1786082700,2,SD-Lora-CL/logs/sa_sdlora/imagenetr/0/20/sa_cumulative_union_svd_r10_inr_seed1995_1995_vit_base_patch16_224.log | SD-Lora-CL/sa_cumulative_union_svd_r10_inr_seed1995.log
cuda6,SD-Lora-CL,SD-Lora-CL/logs/sa_sdlora/imagenetr/0/20/sa_cumulative_union_svd_r4_inr_seed1995_1995_vit_base_patch16_224.log,./exps/sa_cumulative_union_svd_r4_inr_seed1995.json,imagenetr,sa_cumulative_union_svd_r4_inr_seed1995,10,77.590000,81.634000,7.585556,90.020000;86.300000;82.960000;82.420000;81.330000;81.260000;78.900000;78.230000;77.330000;77.590000,98.440000;96.580000;95.270000;94.270000;93.570000;93.180000;92.140000;91.540000;90.960000;91.130000,1786076683,2,SD-Lora-CL/logs/sa_sdlora/imagenetr/0/20/sa_cumulative_union_svd_r4_inr_seed1995_1995_vit_base_patch16_224.log | SD-Lora-CL/sa_cumulative_union_svd_r4_inr_seed1995.log
cuda6,SD-Lora-CL,SD-Lora-CL/logs/sa_sdlora/imagenetr/0/20/sa_cumulative_union_svd_r8_inr_seed1995_1995_vit_base_patch16_224.log,./exps/sa_cumulative_union_svd_r8_inr_seed1995.json,imagenetr,sa_cumulative_union_svd_r8_inr_seed1995,10,78.690000,82.309000,6.773333,90.950000;85.840000;84.030000;82.760000;81.630000;82.100000;79.730000;78.890000;78.470000;78.690000,98.440000;96.120000;94.960000;93.960000;94.160000;93.510000;92.550000;92.110000;91.670000;92.150000,1786079680,2,SD-Lora-CL/logs/sa_sdlora/imagenetr/0/20/sa_cumulative_union_svd_r8_inr_seed1995_1995_vit_base_patch16_224.log | SD-Lora-CL/sa_cumulative_union_svd_r8_inr_seed1995.log
cuda6,SD-Lora-CL,SD-Lora-CL/logs/sa_sdlora/imagenetr/0/20/sa_cumulative_union_svd_smoke_inr_seed1995_1995_vit_base_patch16_224.log,./exps/sa_cumulative_union_svd_smoke_inr_seed1995.json,imagenetr,sa_cumulative_union_svd_smoke_inr_seed1995,10,66.660000,71.043000,8.255556,79.720000;75.110000;71.460000;72.090000;71.540000;71.270000;68.640000;67.830000;66.110000;66.660000,93.760000;89.420000;87.590000;87.390000;87.300000;86.680000;84.950000;84.120000;82.660000;83.880000,1786075184,2,SD-Lora-CL/logs/sa_sdlora/imagenetr/0/20/sa_cumulative_union_svd_smoke_inr_seed1995_1995_vit_base_patch16_224.log | SD-Lora-CL/sa_cumulative_union_svd_smoke_inr_seed1995.log
cuda6,SD-Lora-CL,SD-Lora-CL/logs/sa_sdlora/imagenetr/0/20/sa_sdlora_at_inr_seed1995_1995_vit_base_patch16_224.log,./exps/sa_sdlora_at_inr_seed1995.json,imagenetr,sa_sdlora_at_inr_seed1995,10,78.340000,82.599000,6.198889,92.360000;88.130000;85.760000;83.060000;81.560000;80.870000;79.500000;79.140000;77.270000;78.340000,98.600000;96.800000;96.340000;94.870000;94.660000;93.830000;93.240000;92.580000;91.180000;92.300000,1785899746,2,SD-Lora-CL/logs/sa_sdlora/imagenetr/0/20/sa_sdlora_at_inr_seed1995_1995_vit_base_patch16_224.log | SD-Lora-CL/sa_sdlora_at_inr_seed1995.log
cuda6,SD-Lora-CL,SD-Lora-CL/logs/sa_sdlora/imagenetr/0/20/sa_sdlora_inr_seed1995_1995_vit_base_patch16_224.log,./exps/sa_sdlora_inr_seed1995.json,imagenetr,sa_sdlora_inr_seed1995,10,77.590000,82.819000,6.161111,92.670000;88.130000;86.060000;83.710000;81.560000;81.150000;79.950000;79.520000;77.850000;77.590000,98.750000;96.650000;96.240000;95.020000;94.760000;94.080000;92.760000;92.490000;91.330000;91.630000,1785881279,2,SD-Lora-CL/logs/sa_sdlora/imagenetr/0/20/sa_sdlora_inr_seed1995_1995_vit_base_patch16_224.log | SD-Lora-CL/sa_sdlora_inr_seed1995.log
cuda6,SD-Lora-CL,SD-Lora-CL/logs/sa_sdlora/imagenetr/0/20/sa_sdlora_proto_inr_seed1995_1995_vit_base_patch16_224.log,./exps/sa_sdlora_proto_inr_seed1995.json,imagenetr,sa_sdlora_proto_inr_seed1995,10,79.340000,82.470000,7.256667,91.580000;85.620000;83.830000;82.680000;81.760000;81.960000;79.300000;79.620000;79.010000;79.340000,98.440000;95.430000;95.020000;94.870000;93.830000;93.320000;92.810000;92.240000;91.910000;92.630000,1785931889,2,SD-Lora-CL/logs/sa_sdlora/imagenetr/0/20/sa_sdlora_proto_inr_seed1995_1995_vit_base_patch16_224.log | SD-Lora-CL/sa_sdlora_proto_inr_seed1995.log
cuda6,SD-Lora-CL,SD-Lora-CL/logs/sa_sdlora/imagenetr/0/20/sa_sdlora_proto_inr_seed1995_canonical_operator_budget_r1_2gpu_bs64_1995_vit_base_patch16_224.log,./exps/sa_sdlora_canonical_operator_budget_inr_seed1995_2gpu_bs64_r1.json,imagenetr,sa_sdlora_canonical_operator_budget_inr_seed1995_2gpu_bs64_r1,10,79.180000,82.774000,6.482222,90.170000;87.060000;85.300000;83.250000;81.600000;82.260000;80.350000;79.900000;78.670000;79.180000,98.600000;96.880000;96.030000;94.720000;93.930000;93.810000;93.000000;92.450000;91.780000;91.980000,1788273934,2,SD-Lora-CL/logs/sa_sdlora/imagenetr/0/20/sa_sdlora_proto_inr_seed1995_canonical_operator_budget_r1_2gpu_bs64_1995_vit_base_patch16_224.log | SD-Lora-CL/sa_sdlora_canonical_operator_budget_inr_seed1995_2gpu_bs64_r1.log
cuda6,SD-Lora-CL,SD-Lora-CL/logs/sa_sdlora/imagenetr/0/20/sa_sdlora_proto_inr_seed1995_operator_stability_l1_1995_vit_base_patch16_224.log,./exps/sa_sdlora_operator_stability_inr_seed1995.json,imagenetr,sa_sdlora_operator_stability_inr_seed1995,10,79.390000,82.201000,6.983333,91.260000;85.160000;83.880000;82.490000;81.700000;81.660000;78.590000;79.370000;78.510000;79.390000,98.600000;95.510000;94.910000;94.640000;93.670000;93.180000;92.330000;92.070000;91.220000;92.230000,1786005826,2,SD-Lora-CL/logs/sa_sdlora/imagenetr/0/20/sa_sdlora_proto_inr_seed1995_operator_stability_l1_1995_vit_base_patch16_224.log | SD-Lora-CL/sa_sdlora_operator_stability_inr_seed1995.log
cuda6,SD-Lora-CL,SD-Lora-CL/logs/sa_sdlora/imagenetr/0/20/sa_sdlora_proto_inr_seed1995_operator_stability_logonly_1995_vit_base_patch16_224.log,./exps/sa_sdlora_operator_stability_logonly_inr_seed1995.json,imagenetr,sa_sdlora_operator_stability_logonly_inr_seed1995,10,79.390000,82.472000,7.100000,91.260000;85.770000;83.980000;82.870000;82.030000;81.960000;79.230000;79.500000;78.730000;79.390000,98.750000;95.660000;95.120000;94.950000;94.030000;93.150000;92.590000;92.220000;91.760000;92.460000,1786008561,2,SD-Lora-CL/logs/sa_sdlora/imagenetr/0/20/sa_sdlora_proto_inr_seed1995_operator_stability_logonly_1995_vit_base_patch16_224.log | SD-Lora-CL/sa_sdlora_operator_stability_logonly_inr_seed1995.log
cuda6,SD-Lora-CL,SD-Lora-CL/logs/sa_sdlora/imagenetr/0/20/sa_sdlora_proto_inr_seed1995_operator_stability_smoke_l01_r2_1995_vit_base_patch16_224.log,./exps/sa_sdlora_operator_stability_smoke_inr_seed1995.json,imagenetr,sa_sdlora_operator_stability_smoke_inr_seed1995,10,69.310000,73.077000,9.422222,79.560000;78.390000;78.590000;75.120000;73.120000;71.430000;68.250000;68.360000;68.640000;69.310000,94.700000;92.160000;92.780000;90.660000;89.280000;88.290000;85.780000;85.950000;85.320000;86.180000,1786003458,2,SD-Lora-CL/logs/sa_sdlora/imagenetr/0/20/sa_sdlora_proto_inr_seed1995_operator_stability_smoke_l01_r2_1995_vit_base_patch16_224.log | SD-Lora-CL/sa_sdlora_operator_stability_smoke_inr_seed1995.log
cuda6,SD-Lora-CL,SD-Lora-CL/logs/sa_sdlora/imagenetr/0/20/sa_sdlora_proto_inr_seed1995_paired_rerun_1995_vit_base_patch16_224.log,./exps/sa_sdlora_proto_inr_seed1995_paired_rerun.json,imagenetr,sa_sdlora_proto_inr_seed1995_paired_rerun,10,79.630000,82.477000,6.837778,90.950000;85.620000;84.130000;82.910000;82.120000;81.860000;79.300000;79.540000;78.710000;79.630000,98.440000;95.590000;95.270000;94.830000;94.260000;92.990000;92.740000;92.150000;91.760000;92.610000,1786121880,2,SD-Lora-CL/logs/sa_sdlora/imagenetr/0/20/sa_sdlora_proto_inr_seed1995_paired_rerun_1995_vit_base_patch16_224.log | SD-Lora-CL/sa_sdlora_proto_inr_seed1995_paired_rerun.log
cuda6,SD-Lora-CL,SD-Lora-CL/logs/sa_sdlora/imagenetr/0/20/sa_sdlora_proto_inr_seed1_1_vit_base_patch16_224.log,./exps/sa_sdlora_proto_inr_seed1.json,imagenetr,sa_sdlora_proto_inr_seed1,10,78.980000,83.020000,6.648889,90.490000;88.060000;85.940000;83.930000;83.470000;81.580000;79.380000;79.070000;79.300000;78.980000,98.060000;95.850000;94.790000;94.670000;94.110000;93.490000;93.210000;92.600000;92.480000;92.230000,1786042682,2,SD-Lora-CL/logs/sa_sdlora/imagenetr/0/20/sa_sdlora_proto_inr_seed1_1_vit_base_patch16_224.log | SD-Lora-CL/sa_sdlora_proto_inr_seed1.log
cuda6,SD-Lora-CL,SD-Lora-CL/logs/sa_sdlora/imagenetr/0/20/sa_sdlora_proto_inr_seed1_paired_rerun_1_vit_base_patch16_224.log,./exps/sa_sdlora_proto_inr_seed1_paired_rerun.json,imagenetr,sa_sdlora_proto_inr_seed1_paired_rerun,10,78.680000,83.041000,7.102222,90.850000;88.140000;85.940000;83.720000;83.700000;81.380000;79.690000;78.920000;79.390000;78.680000,98.240000;96.020000;94.960000;94.630000;94.150000;93.490000;92.880000;92.700000;92.550000;92.350000,1786123960,2,SD-Lora-CL/logs/sa_sdlora/imagenetr/0/20/sa_sdlora_proto_inr_seed1_paired_rerun_1_vit_base_patch16_224.log | SD-Lora-CL/sa_sdlora_proto_inr_seed1_paired_rerun.log
cuda6,SD-Lora-CL,SD-Lora-CL/logs/sa_sdlora/imagenetr/0/20/sa_sdlora_proto_inr_seed2_2_vit_base_patch16_224.log,./exps/sa_sdlora_proto_inr_seed2.json,imagenetr,sa_sdlora_proto_inr_seed2,10,79.510000,82.321000,8.494444,88.190000;84.080000;83.450000;83.430000;83.340000;81.530000;80.640000;79.490000;79.550000;79.510000,97.050000;94.540000;94.270000;94.180000;94.030000;93.380000;93.160000;92.340000;92.670000;92.800000,1786044753,2,SD-Lora-CL/logs/sa_sdlora/imagenetr/0/20/sa_sdlora_proto_inr_seed2_2_vit_base_patch16_224.log | SD-Lora-CL/sa_sdlora_proto_inr_seed2.log
cuda6,SD-Lora-CL,SD-Lora-CL/logs/sa_sdlora/imagenetr/0/20/sa_sdlora_proto_inr_seed2_paired_rerun_2_vit_base_patch16_224.log,./exps/sa_sdlora_proto_inr_seed2_paired_rerun.json,imagenetr,sa_sdlora_proto_inr_seed2_paired_rerun,10,79.780000,82.389000,8.207778,88.400000;84.170000;83.040000;83.600000;83.640000;81.580000;80.450000;79.620000;79.610000;79.780000,97.050000;94.720000;94.090000;94.350000;94.130000;93.210000;93.420000;92.380000;92.770000;92.760000,1786126035,2,SD-Lora-CL/logs/sa_sdlora/imagenetr/0/20/sa_sdlora_proto_inr_seed2_paired_rerun_2_vit_base_patch16_224.log | SD-Lora-CL/sa_sdlora_proto_inr_seed2_paired_rerun.log
cuda6,SD-Lora-CL,SD-Lora-CL/logs/sa_sdlora/imagenetr/0/20/sa_sdlora_proto_inr_seed3_3_vit_base_patch16_224.log,./exps/sa_sdlora_proto_inr_seed3.json,imagenetr,sa_sdlora_proto_inr_seed3,10,78.610000,83.373000,9.202222,92.460000;89.230000;84.790000;82.840000;83.390000;81.850000;80.750000;80.660000;79.150000;78.610000,98.830000;97.220000;95.060000;94.480000;94.500000;93.640000;93.110000;92.800000;92.460000;91.960000,1786046821,2,SD-Lora-CL/logs/sa_sdlora/imagenetr/0/20/sa_sdlora_proto_inr_seed3_3_vit_base_patch16_224.log | SD-Lora-CL/sa_sdlora_proto_inr_seed3.log
cuda6,SD-Lora-CL,SD-Lora-CL/logs/sa_sdlora/imagenetr/0/20/sa_sdlora_proto_inr_seed3_paired_rerun_3_vit_base_patch16_224.log,./exps/sa_sdlora_proto_inr_seed3_paired_rerun.json,imagenetr,sa_sdlora_proto_inr_seed3_paired_rerun,10,78.790000,83.373000,9.032222,92.630000;89.060000;84.730000;82.880000;83.260000;81.980000;80.850000;80.570000;78.980000;78.790000,98.830000;97.140000;95.110000;94.780000;94.500000;93.910000;93.140000;92.800000;92.440000;92.100000,1786128110,2,SD-Lora-CL/logs/sa_sdlora/imagenetr/0/20/sa_sdlora_proto_inr_seed3_paired_rerun_3_vit_base_patch16_224.log | SD-Lora-CL/sa_sdlora_proto_inr_seed3_paired_rerun.log
cuda6,SD-Lora-CL,SD-Lora-CL/logs/sa_sdlora/imagenetr/0/20/sa_sdlora_r20_inr_seed1995_1995_vit_base_patch16_224.log,./exps/sa_sdlora_r20_inr_seed1995.json,imagenetr,sa_sdlora_r20_inr_seed1995,10,78.030000,82.585000,7.925556,92.200000;87.820000;85.100000;82.760000;81.790000;80.600000;80.260000;79.650000;77.640000;78.030000,98.600000;97.180000;95.780000;94.830000;94.130000;93.210000;92.570000;92.320000;91.240000;91.700000,1785886616,2,SD-Lora-CL/logs/sa_sdlora/imagenetr/0/20/sa_sdlora_r20_inr_seed1995_1995_vit_base_patch16_224.log | SD-Lora-CL/sa_sdlora_r20_inr_seed1995.log
cuda6,SD-Lora-CL,SD-Lora-CL/logs/sa_sdlora/imagenetr/0/40/p5_exp009_t5_inr_nccl_1995_vit_base_patch16_224.log,./exps/p5_exp009_t5_inr_nccl.json,imagenetr,p5_exp009_t5_inr_nccl,5,79.840000,81.910000,6.360000,87.900000;82.490000;79.860000;79.460000;79.840000,96.960000;94.190000;92.630000;91.960000;92.300000,1786508890,2,SD-Lora-CL/logs/sa_sdlora/imagenetr/0/40/p5_exp009_t5_inr_nccl_1995_vit_base_patch16_224.log | SD-Lora-CL/p5_exp009_t5_inr_nccl.log
cuda6,SD-Lora-CL,SD-Lora-CL/logs/sa_sdlora/imagenetr/0/40/p5_full_t5_inr_nccl_1995_vit_base_patch16_224.log,./exps/p5_full_t5_inr_nccl.json,imagenetr,p5_full_t5_inr_nccl,5,79.860000,83.386000,6.177500,89.650000;84.390000;83.790000;79.240000;79.860000,97.180000;95.330000;94.710000;91.980000;92.280000,1786470580,2,SD-Lora-CL/logs/sa_sdlora/imagenetr/0/40/p5_full_t5_inr_nccl_1995_vit_base_patch16_224.log | SD-Lora-CL/p5_full_t5_inr_nccl.log
cuda6,SD-Lora-CL,SD-Lora-CL/logs/sa_sdlora/imagenetr/0/40/sa_cumulative_inr_seed1995_gauge_t5_1995_vit_base_patch16_224.log,./exps/sa_cumulative_inr_seed1995_gauge_t5.json,imagenetr,sa_cumulative_inr_seed1995_gauge_t5,5,77.540000,81.810000,8.827500,89.420000;82.910000;80.630000;78.550000;77.540000,97.560000;94.610000;93.230000;91.670000;90.260000,1786059482,2,SD-Lora-CL/logs/sa_sdlora/imagenetr/0/40/sa_cumulative_inr_seed1995_gauge_t5_1995_vit_base_patch16_224.log | SD-Lora-CL/sa_cumulative_inr_seed1995_gauge_t5.log
cuda6,SD-Lora-CL,SD-Lora-CL/logs/sa_sdlora/imagenetr/0/40/sa_sdlora_proto_inr_seed1995_t5_1995_vit_base_patch16_224.log,./exps/sa_sdlora_proto_inr_seed1995_t5.json,imagenetr,sa_sdlora_proto_inr_seed1995_t5,5,80.330000,82.554000,5.825000,89.120000;82.530000;81.360000;79.430000;80.330000,97.490000;94.800000;93.620000;92.220000;92.400000,1786084271,2,SD-Lora-CL/logs/sa_sdlora/imagenetr/0/40/sa_sdlora_proto_inr_seed1995_t5_1995_vit_base_patch16_224.log | SD-Lora-CL/sa_sdlora_proto_inr_seed1995_t5.log
cuda6,SD-Lora-CL,SD-Lora-CL/logs/sa_sdlora/imagenetr/0/5/sa_cumulative_inr_seed1995_gauge_t40_1995_vit_base_patch16_224.log,./exps/sa_cumulative_inr_seed1995_gauge_t40.json,imagenetr,sa_cumulative_inr_seed1995_gauge_t40,40,75.310000,80.630750,12.337949,88.280000;91.170000;90.990000;89.390000;87.720000;86.030000;86.810000;85.770000;85.090000;84.260000;83.450000;83.420000;81.430000;81.510000;82.290000;80.670000;80.710000;79.400000;79.020000;79.580000;80.020000;79.070000;79.800000;79.840000;79.060000;78.430000;76.560000;76.900000;76.970000;76.640000;76.340000;76.000000;75.920000;75.600000;74.580000;75.660000;74.460000;75.290000;75.790000;75.310000,100.000000;99.680000;99.160000;97.970000;96.660000;96.320000;96.590000;96.120000;95.730000;95.450000;95.250000;95.170000;94.750000;94.710000;94.500000;94.380000;94.040000;93.660000;93.170000;92.910000;93.550000;93.190000;92.940000;92.710000;92.410000;91.800000;91.220000;91.280000;91.420000;91.120000;91.140000;90.910000;90.420000;89.910000;89.770000;90.170000;89.580000;89.980000;90.630000;90.650000,1786064796,2,SD-Lora-CL/logs/sa_sdlora/imagenetr/0/5/sa_cumulative_inr_seed1995_gauge_t40_1995_vit_base_patch16_224.log | SD-Lora-CL/sa_cumulative_inr_seed1995_gauge_t40.log
cuda6,SD-Lora-CL,SD-Lora-CL/logs/sdlora/cifar224/0/10/p3_c100_sdlora_seed1_nccl_1_vit_base_patch16_224.log,./exps/p3_c100_sdlora_seed1_nccl.json,cifar224,p3_c100_sdlora_seed1_nccl,10,86.780000,92.226000,7.688889,98.400000;97.500000;95.100000;93.320000;92.720000;92.030000;90.310000;88.980000;87.120000;86.780000,100.000000;99.650000;99.630000;99.500000;99.300000;99.020000;99.030000;98.890000;98.780000;98.470000,1786321831,2,SD-Lora-CL/logs/sdlora/cifar224/0/10/p3_c100_sdlora_seed1_nccl_1_vit_base_patch16_224.log | SD-Lora-CL/p3_c100_sdlora_seed1_nccl.log
cuda6,SD-Lora-CL,SD-Lora-CL/logs/sdlora/cifar224/0/10/p3_c100_sdlora_seed2_nccl_2_vit_base_patch16_224.log,./exps/p3_c100_sdlora_seed2_nccl.json,cifar224,p3_c100_sdlora_seed2_nccl,10,87.570000,91.896000,5.822222,99.000000;97.700000;93.730000;92.520000;91.820000;91.100000;89.730000;88.350000;87.440000;87.570000,99.900000;99.700000;99.770000;99.620000;99.400000;99.400000;99.290000;99.150000;99.010000;98.800000,1786334544,2,SD-Lora-CL/logs/sdlora/cifar224/0/10/p3_c100_sdlora_seed2_nccl_2_vit_base_patch16_224.log | SD-Lora-CL/p3_c100_sdlora_seed2_nccl.log
cuda6,SD-Lora-CL,SD-Lora-CL/logs/sdlora/cifar224/0/10/p3_c100_sdlora_seed3_nccl_3_vit_base_patch16_224.log,./exps/p3_c100_sdlora_seed3_nccl.json,cifar224,p3_c100_sdlora_seed3_nccl,10,86.060000,91.132000,6.177778,98.900000;96.600000;94.270000;92.950000;91.000000;89.650000;88.110000;86.680000;87.100000;86.060000,99.900000;99.850000;99.830000;99.580000;99.500000;99.120000;99.140000;98.950000;99.000000;98.780000,1786347110,2,SD-Lora-CL/logs/sdlora/cifar224/0/10/p3_c100_sdlora_seed3_nccl_3_vit_base_patch16_224.log | SD-Lora-CL/p3_c100_sdlora_seed3_nccl.log
cuda6,SD-Lora-CL,SD-Lora-CL/logs/sdlora/cifar224/0/10/p3_c100_sdlora_seed4_nccl_4_vit_base_patch16_224.log,./exps/p3_c100_sdlora_seed4_nccl.json,cifar224,p3_c100_sdlora_seed4_nccl,10,86.590000,91.334000,6.722222,97.100000;96.050000;94.370000;92.900000;90.180000;90.770000;88.670000;88.250000;88.460000;86.590000,99.900000;99.800000;99.770000;99.600000;99.480000;99.450000;99.160000;99.000000;98.860000;98.570000,1786359799,2,SD-Lora-CL/logs/sdlora/cifar224/0/10/p3_c100_sdlora_seed4_nccl_4_vit_base_patch16_224.log | SD-Lora-CL/p3_c100_sdlora_seed4_nccl.log
cuda6,SD-Lora-CL,SD-Lora-CL/logs/sdlora/cifar224/0/10/p3_c100_sdlora_seed5_nccl_5_vit_base_patch16_224.log,./exps/p3_c100_sdlora_seed5_nccl.json,cifar224,p3_c100_sdlora_seed5_nccl,10,87.030000,90.650000,6.433333,96.400000;94.650000;94.130000;91.600000;90.200000;89.130000;88.460000;87.390000;87.510000;87.030000,99.700000;99.800000;99.570000;99.020000;99.120000;98.880000;98.900000;98.780000;98.660000;98.460000,1786372523,2,SD-Lora-CL/logs/sdlora/cifar224/0/10/p3_c100_sdlora_seed5_nccl_5_vit_base_patch16_224.log | SD-Lora-CL/p3_c100_sdlora_seed5_nccl.log
cuda6,SD-Lora-CL,SD-Lora-CL/logs/sdlora/cifar224/0/10/sdlora_c100_seed1993_proto_baseline_1993_vit_base_patch16_224.log,./exps/sdlora_c100_seed1993_proto_baseline.json,cifar224,sdlora_c100_seed1993_proto_baseline,10,86.890000,91.436000,5.577778,98.800000;96.250000;93.870000;92.900000;90.960000;89.720000;89.670000;88.180000;87.120000;86.890000,100.000000;99.850000;99.530000;99.350000;99.320000;99.070000;99.030000;98.960000;98.720000;98.470000,1785835863,2,SD-Lora-CL/logs/sdlora/cifar224/0/10/sdlora_c100_seed1993_proto_baseline_1993_vit_base_patch16_224.log | SD-Lora-CL/sdlora_c100_seed1993_proto_baseline.log
cuda6,SD-Lora-CL,SD-Lora-CL/logs/sdlora/cifar224/0/10/sdlora_c100_seed1993_proto_baseline_paired_rerun2_1993_vit_base_patch16_224.log,./exps/sdlora_c100_seed1993_proto_baseline_paired_rerun.json,cifar224,sdlora_c100_seed1993_proto_baseline_paired_rerun,10,86.940000,91.468000,5.611111,98.800000;96.200000;93.930000;92.900000;91.080000;89.780000;89.790000;88.180000;87.080000;86.940000,100.000000;99.850000;99.500000;99.380000;99.280000;99.100000;99.070000;98.990000;98.770000;98.440000,1786156531,2,SD-Lora-CL/logs/sdlora/cifar224/0/10/sdlora_c100_seed1993_proto_baseline_paired_rerun2_1993_vit_base_patch16_224.log | SD-Lora-CL/sdlora_c100_seed1993_proto_baseline_paired_rerun.log
cuda6,SD-Lora-CL,SD-Lora-CL/logs/sdlora/cifar224/0/10/sdlora_c100_seed1_proto_baseline_paired_rerun2_1_vit_base_patch16_224.log,./exps/sdlora_c100_seed1_proto_baseline_paired_rerun.json,cifar224,sdlora_c100_seed1_proto_baseline_paired_rerun,10,86.160000,91.915000,8.077778,98.900000;98.050000;95.070000;92.900000;92.220000;91.870000;89.600000;88.110000;86.270000;86.160000,100.000000;99.800000;99.730000;99.720000;99.420000;99.120000;99.040000;98.800000;98.670000;98.520000,1786160573,2,SD-Lora-CL/logs/sdlora/cifar224/0/10/sdlora_c100_seed1_proto_baseline_paired_rerun2_1_vit_base_patch16_224.log | SD-Lora-CL/sdlora_c100_seed1_proto_baseline_paired_rerun.log
cuda6,SD-Lora-CL,SD-Lora-CL/logs/sdlora/cifar224/0/10/sdlora_c100_seed2_proto_baseline_paired_rerun2_2_vit_base_patch16_224.log,./exps/sdlora_c100_seed2_proto_baseline_paired_rerun.json,cifar224,sdlora_c100_seed2_proto_baseline_paired_rerun,10,86.970000,91.383000,5.733333,99.100000;97.700000;93.230000;92.050000;91.360000;90.280000;88.590000;87.610000;86.940000;86.970000,99.900000;99.800000;99.670000;99.600000;99.380000;99.230000;99.230000;99.000000;98.680000;98.590000,1786164608,2,SD-Lora-CL/logs/sdlora/cifar224/0/10/sdlora_c100_seed2_proto_baseline_paired_rerun2_2_vit_base_patch16_224.log | SD-Lora-CL/sdlora_c100_seed2_proto_baseline_paired_rerun.log
cuda6,SD-Lora-CL,SD-Lora-CL/logs/sdlora/cifar224/0/10/sdlora_c100_seed3_proto_baseline_paired_rerun2_3_vit_base_patch16_224.log,./exps/sdlora_c100_seed3_proto_baseline_paired_rerun.json,cifar224,sdlora_c100_seed3_proto_baseline_paired_rerun,10,86.930000,91.725000,5.677778,99.200000;96.700000;94.470000;92.980000;91.700000;90.500000;88.870000;87.920000;87.980000;86.930000,99.900000;99.850000;99.730000;99.580000;99.520000;99.220000;99.210000;98.840000;98.870000;98.680000,1786168598,2,SD-Lora-CL/logs/sdlora/cifar224/0/10/sdlora_c100_seed3_proto_baseline_paired_rerun2_3_vit_base_patch16_224.log | SD-Lora-CL/sdlora_c100_seed3_proto_baseline_paired_rerun.log
cuda6,SD-Lora-CL,SD-Lora-CL/logs/sdlora/cifar224/0/20/p5_sdlora_t5_c100_nccl_1993_vit_base_patch16_224.log,./exps/p5_sdlora_t5_c100_nccl.json,cifar224,p5_sdlora_t5_c100_nccl,5,88.550000,92.646000,6.200000,97.500000;95.250000;92.230000;89.700000;88.550000,99.850000;99.520000;99.380000;99.240000;98.820000,1786478025,2,SD-Lora-CL/logs/sdlora/cifar224/0/20/p5_sdlora_t5_c100_nccl_1993_vit_base_patch16_224.log | SD-Lora-CL/p5_sdlora_t5_c100_nccl.log
cuda6,SD-Lora-CL,SD-Lora-CL/logs/sdlora/cifar224/0/5/p5_sdlora_t20_c100_nccl_1993_vit_base_patch16_224.log,./exps/p5_sdlora_t20_c100_nccl.json,cifar224,p5_sdlora_t20_c100_nccl,20,83.610000,89.710000,7.221053,99.600000;98.000000;96.730000;95.800000;94.520000;93.200000;91.630000;91.250000;90.290000;88.680000;87.420000;86.870000;87.030000;86.790000;86.400000;85.150000;83.780000;83.670000;83.780000;83.610000,100.000000;99.900000;99.800000;99.650000;99.480000;99.130000;99.110000;99.000000;99.070000;98.940000;98.800000;98.470000;98.550000;98.430000;98.490000;98.450000;98.240000;97.960000;97.890000;97.940000,1786486029,2,SD-Lora-CL/logs/sdlora/cifar224/0/5/p5_sdlora_t20_c100_nccl_1993_vit_base_patch16_224.log | SD-Lora-CL/p5_sdlora_t20_c100_nccl.log
cuda6,SD-Lora-CL,SD-Lora-CL/logs/sdlora/cifar224/0/5/p7_t20_c100_sdlora_seed1_nccl_1_vit_base_patch16_224.log,./exps/p7_t20_c100_sdlora_seed1_nccl.json,cifar224,p7_t20_c100_sdlora_seed1_nccl,20,82.080000,89.027000,10.136842,99.000000;97.700000;96.130000;96.150000;94.080000;92.000000;91.030000;89.650000;89.890000;89.220000;88.960000;88.900000;85.510000;85.610000;84.450000;83.840000;82.640000;81.970000;81.730000;82.080000,100.000000;99.800000;99.800000;99.400000;99.320000;99.400000;99.400000;99.150000;99.160000;99.000000;98.780000;98.630000;98.420000;98.540000;98.200000;98.210000;98.130000;97.900000;97.650000;97.850000,1787551137,2,SD-Lora-CL/logs/sdlora/cifar224/0/5/p7_t20_c100_sdlora_seed1_nccl_1_vit_base_patch16_224.log | SD-Lora-CL/p7_t20_c100_sdlora_seed1_nccl.log
cuda6,SD-Lora-CL,SD-Lora-CL/logs/sdlora/cub/0/20/p5_cub_sdlora_seed1_nccl_1_vit_base_patch16_224.log,./exps/p5_cub_sdlora_seed1_nccl.json,cub,p5_cub_sdlora_seed1_nccl,10,71.190000,81.706000,12.710000,97.220000;87.820000;86.800000;85.130000;83.250000;79.550000;77.790000;76.400000;71.910000;71.190000,100.000000;99.570000;99.370000;99.010000;98.620000;98.440000;98.390000;98.070000;97.090000;96.890000,1786555943,2,SD-Lora-CL/logs/sdlora/cub/0/20/p5_cub_sdlora_seed1_nccl_1_vit_base_patch16_224.log | SD-Lora-CL/p5_cub_sdlora_seed1_nccl.log
cuda6,SD-Lora-CL,SD-Lora-CL/logs/sdlora/cub/0/20/p5_cub_sdlora_seed2_nccl_2_vit_base_patch16_224.log,./exps/p5_cub_sdlora_seed2_nccl.json,cub,p5_cub_sdlora_seed2_nccl,10,69.830000,80.747000,8.540000,97.270000;89.370000;87.500000;83.560000;78.810000;78.940000;76.560000;73.150000;72.480000;69.830000,99.830000;99.650000;99.590000;98.920000;98.170000;97.730000;97.650000;97.060000;96.890000;96.310000,1786557786,2,SD-Lora-CL/logs/sdlora/cub/0/20/p5_cub_sdlora_seed2_nccl_2_vit_base_patch16_224.log | SD-Lora-CL/p5_cub_sdlora_seed2_nccl.log
cuda6,SD-Lora-CL,SD-Lora-CL/logs/sdlora/cub/0/20/p5_cub_sdlora_seed3_nccl_3_vit_base_patch16_224.log,./exps/p5_cub_sdlora_seed3_nccl.json,cub,p5_cub_sdlora_seed3_nccl,10,72.760000,82.538000,11.660000,98.110000;91.710000;88.140000;83.810000;81.300000;79.500000;77.930000;76.670000;75.450000;72.760000,99.830000;99.390000;98.950000;98.560000;98.370000;98.210000;97.450000;97.000000;96.710000;96.410000,1786559602,2,SD-Lora-CL/logs/sdlora/cub/0/20/p5_cub_sdlora_seed3_nccl_3_vit_base_patch16_224.log | SD-Lora-CL/p5_cub_sdlora_seed3_nccl.log
cuda6,SD-Lora-CL,SD-Lora-CL/logs/sdlora/imagenetr/0/10/p5_sdlora_t20_inr_nccl_1995_vit_base_patch16_224.log,./exps/p5_sdlora_t20_inr_nccl.json,imagenetr,p5_sdlora_t20_inr_nccl,20,76.540000,81.857000,9.989474,94.010000;90.020000;87.180000;86.450000;85.040000;83.980000;82.920000;82.490000;81.800000;80.900000;80.550000;80.460000;79.380000;78.330000;77.910000;78.130000;77.610000;76.780000;76.660000;76.540000,99.680000;98.130000;96.850000;97.110000;96.410000;95.680000;94.970000;94.190000;94.080000;93.370000;93.290000;92.850000;92.570000;91.900000;91.410000;91.310000;91.170000;90.880000;90.580000;90.680000,1786494686,2,SD-Lora-CL/logs/sdlora/imagenetr/0/10/p5_sdlora_t20_inr_nccl_1995_vit_base_patch16_224.log | SD-Lora-CL/p5_sdlora_t20_inr_nccl.log
cuda6,SD-Lora-CL,SD-Lora-CL/logs/sdlora/imagenetr/0/20/p3_inr_sdlora_seed1_nccl_1_vit_base_patch16_224.log,./exps/p3_inr_sdlora_seed1_nccl.json,imagenetr,p3_inr_sdlora_seed1_nccl,10,78.860000,83.982000,7.086667,91.730000;89.970000;87.390000;85.440000;83.540000;82.330000;81.120000;80.000000;79.440000;78.860000,98.240000;96.520000;95.850000;94.710000;93.950000;93.540000;93.170000;92.870000;92.390000;91.850000,1786269465,2,SD-Lora-CL/logs/sdlora/imagenetr/0/20/p3_inr_sdlora_seed1_nccl_1_vit_base_patch16_224.log | SD-Lora-CL/p3_inr_sdlora_seed1_nccl.log
cuda6,SD-Lora-CL,SD-Lora-CL/logs/sdlora/imagenetr/0/20/p3_inr_sdlora_seed2_nccl_2_vit_base_patch16_224.log,./exps/p3_inr_sdlora_seed2_nccl.json,imagenetr,p3_inr_sdlora_seed2_nccl,10,77.880000,81.792000,9.224444,88.610000;83.620000;83.160000;82.880000;81.530000;81.060000;80.280000;79.720000;79.180000;77.880000,97.470000;94.630000;94.210000;93.720000;93.960000;93.270000;92.610000;92.490000;92.110000;91.830000,1786279716,2,SD-Lora-CL/logs/sdlora/imagenetr/0/20/p3_inr_sdlora_seed2_nccl_2_vit_base_patch16_224.log | SD-Lora-CL/p3_inr_sdlora_seed2_nccl.log
cuda6,SD-Lora-CL,SD-Lora-CL/logs/sdlora/imagenetr/0/20/p3_inr_sdlora_seed3_nccl_3_vit_base_patch16_224.log,./exps/p3_inr_sdlora_seed3_nccl.json,imagenetr,p3_inr_sdlora_seed3_nccl,10,78.780000,83.653000,8.564444,92.460000;88.640000;86.340000;83.830000;83.360000;81.980000;80.910000;80.660000;79.570000;78.780000,98.830000;97.140000;95.670000;95.000000;94.660000;93.940000;93.230000;92.880000;92.280000;91.600000,1786289908,2,SD-Lora-CL/logs/sdlora/imagenetr/0/20/p3_inr_sdlora_seed3_nccl_3_vit_base_patch16_224.log | SD-Lora-CL/p3_inr_sdlora_seed3_nccl.log
cuda6,SD-Lora-CL,SD-Lora-CL/logs/sdlora/imagenetr/0/20/p3_inr_sdlora_seed4_nccl_4_vit_base_patch16_224.log,./exps/p3_inr_sdlora_seed4_nccl.json,imagenetr,p3_inr_sdlora_seed4_nccl,10,78.340000,82.700000,6.854444,90.390000;86.600000;85.880000;84.400000;82.510000;80.390000;80.440000;79.070000;78.980000;78.340000,98.110000;95.690000;95.050000;94.270000;93.220000;92.570000;92.110000;91.760000;91.740000;91.430000,1786300069,2,SD-Lora-CL/logs/sdlora/imagenetr/0/20/p3_inr_sdlora_seed4_nccl_4_vit_base_patch16_224.log | SD-Lora-CL/p3_inr_sdlora_seed4_nccl.log
cuda6,SD-Lora-CL,SD-Lora-CL/logs/sdlora/imagenetr/0/20/p3_inr_sdlora_seed5_nccl_5_vit_base_patch16_224.log,./exps/p3_inr_sdlora_seed5_nccl.json,imagenetr,p3_inr_sdlora_seed5_nccl,10,77.860000,82.679000,7.205556,90.870000;87.470000;84.870000;83.530000;82.400000;81.530000;80.590000;79.480000;78.190000;77.860000,97.920000;96.660000;94.900000;94.530000;93.630000;92.760000;92.450000;91.920000;91.230000;91.180000,1786310322,2,SD-Lora-CL/logs/sdlora/imagenetr/0/20/p3_inr_sdlora_seed5_nccl_5_vit_base_patch16_224.log | SD-Lora-CL/p3_inr_sdlora_seed5_nccl.log
cuda6,SD-Lora-CL,SD-Lora-CL/logs/sdlora/imagenetr/0/20/sdlora_inr_seed1995_proto_baseline_1995_vit_base_patch16_224.log,./exps/sdlora_inr_seed1995_proto_baseline.json,imagenetr,sdlora_inr_seed1995_proto_baseline,10,78.760000,83.128000,5.605556,92.040000;88.200000;86.270000;83.670000;82.220000;81.860000;80.350000;79.650000;78.260000;78.760000,98.280000;97.110000;96.190000;94.830000;94.130000;93.720000;93.070000;92.580000;91.520000;91.600000,1785829852,2,SD-Lora-CL/logs/sdlora/imagenetr/0/20/sdlora_inr_seed1995_proto_baseline_1995_vit_base_patch16_224.log | SD-Lora-CL/sdlora_inr_seed1995_proto_baseline.log
cuda6,SD-Lora-CL,SD-Lora-CL/logs/sdlora/imagenetr/0/20/sdlora_inr_seed1995_proto_baseline_paired_rerun2_1995_vit_base_patch16_224.log,./exps/sdlora_inr_seed1995_proto_baseline_paired_rerun.json,imagenetr,sdlora_inr_seed1995_proto_baseline_paired_rerun,10,78.790000,83.075000,5.850000,92.040000;88.130000;86.160000;83.440000;82.220000;81.720000;80.300000;79.670000;78.280000;78.790000,98.280000;97.260000;96.130000;94.870000;94.290000;93.640000;92.760000;92.640000;91.520000;91.460000,1786145934,2,SD-Lora-CL/logs/sdlora/imagenetr/0/20/sdlora_inr_seed1995_proto_baseline_paired_rerun2_1995_vit_base_patch16_224.log | SD-Lora-CL/sdlora_inr_seed1995_proto_baseline_paired_rerun.log
cuda6,SD-Lora-CL,SD-Lora-CL/logs/sdlora/imagenetr/0/20/sdlora_inr_seed1_proto_baseline_paired_rerun2_1_vit_base_patch16_224.log,./exps/sdlora_inr_seed1_proto_baseline_paired_rerun.json,imagenetr,sdlora_inr_seed1_proto_baseline_paired_rerun,10,78.480000,83.810000,8.004444,92.430000;89.470000;86.220000;85.440000;83.310000;82.330000;81.210000;80.150000;79.060000;78.480000,98.940000;96.600000;95.240000;94.210000;93.710000;93.570000;92.830000;92.600000;92.230000;91.650000,1786148133,2,SD-Lora-CL/logs/sdlora/imagenetr/0/20/sdlora_inr_seed1_proto_baseline_paired_rerun2_1_vit_base_patch16_224.log | SD-Lora-CL/sdlora_inr_seed1_proto_baseline_paired_rerun.log
cuda6,SD-Lora-CL,SD-Lora-CL/logs/sdlora/imagenetr/0/20/sdlora_inr_seed2_proto_baseline_paired_rerun2_2_vit_base_patch16_224.log,./exps/sdlora_inr_seed2_proto_baseline_paired_rerun.json,imagenetr,sdlora_inr_seed2_proto_baseline_paired_rerun,10,78.290000,82.116000,9.675556,88.610000;83.990000;83.690000;82.590000;82.680000;81.530000;80.590000;80.100000;79.090000;78.290000,97.260000;94.540000;93.910000;93.890000;93.900000;93.460000;93.080000;92.440000;92.280000;91.700000,1786150325,2,SD-Lora-CL/logs/sdlora/imagenetr/0/20/sdlora_inr_seed2_proto_baseline_paired_rerun2_2_vit_base_patch16_224.log | SD-Lora-CL/sdlora_inr_seed2_proto_baseline_paired_rerun.log
cuda6,SD-Lora-CL,SD-Lora-CL/logs/sdlora/imagenetr/0/20/sdlora_inr_seed3_proto_baseline_paired_rerun2_3_vit_base_patch16_224.log,./exps/sdlora_inr_seed3_proto_baseline_paired_rerun.json,imagenetr,sdlora_inr_seed3_proto_baseline_paired_rerun,10,79.430000,84.677000,7.620000,93.800000;89.230000;87.620000;84.860000;84.270000;83.550000;82.090000;81.430000;80.490000;79.430000,98.660000;97.220000;95.720000;94.830000;94.630000;93.910000;93.530000;93.170000;92.830000;91.930000,1786152513,2,SD-Lora-CL/logs/sdlora/imagenetr/0/20/sdlora_inr_seed3_proto_baseline_paired_rerun2_3_vit_base_patch16_224.log | SD-Lora-CL/sdlora_inr_seed3_proto_baseline_paired_rerun.log
cuda6,SD-Lora-CL,SD-Lora-CL/logs/sdlora/imagenetr/0/40/p5_sdlora_t5_inr_nccl_1995_vit_base_patch16_224.log,./exps/p5_sdlora_t5_inr_nccl.json,imagenetr,p5_sdlora_t5_inr_nccl,5,79.480000,83.886000,6.010000,90.490000;84.960000;83.250000;81.250000;79.480000,97.870000;95.250000;94.130000;93.100000;92.630000,1786488516,2,SD-Lora-CL/logs/sdlora/imagenetr/0/40/p5_sdlora_t5_inr_nccl_1995_vit_base_patch16_224.log | SD-Lora-CL/p5_sdlora_t5_inr_nccl.log
cuda6,SD-Lora-CL,SD-Lora-CL/logs/sdlora_dual_b/cifar224/0/10/p4_rank1_c100_seed1_nccl_1_vit_base_patch16_224.log,./exps/p4_rank1_c100_seed1_nccl.json,cifar224,p4_rank1_c100_seed1_nccl,10,87.970000,92.646000,5.900000,98.700000;97.050000;95.500000;93.850000;92.960000;91.870000;90.740000;89.690000;88.130000;87.970000,99.900000;99.750000;99.730000;99.550000;99.380000;98.950000;98.900000;98.750000;98.560000;98.440000,1786438982,2,SD-Lora-CL/logs/sdlora_dual_b/cifar224/0/10/p4_rank1_c100_seed1_nccl_1_vit_base_patch16_224.log | SD-Lora-CL/p4_rank1_c100_seed1_nccl.log
cuda6,SD-Lora-CL,SD-Lora-CL/logs/sdlora_dual_b/cifar224/0/10/p4_rank1_c100_seed2_nccl_2_vit_base_patch16_224.log,./exps/p4_rank1_c100_seed2_nccl.json,cifar224,p4_rank1_c100_seed2_nccl,10,87.620000,91.949000,6.077778,98.600000;97.250000;93.070000;93.320000;92.780000;91.120000;89.590000;88.220000;87.920000;87.620000,99.900000;99.700000;99.700000;99.750000;99.640000;99.280000;99.070000;98.860000;98.620000;98.430000,1786443929,2,SD-Lora-CL/logs/sdlora_dual_b/cifar224/0/10/p4_rank1_c100_seed2_nccl_2_vit_base_patch16_224.log | SD-Lora-CL/p4_rank1_c100_seed2_nccl.log
cuda6,SD-Lora-CL,SD-Lora-CL/logs/sdlora_dual_b/cifar224/0/10/p4_rank1_c100_seed3_nccl_3_vit_base_patch16_224.log,./exps/p4_rank1_c100_seed3_nccl.json,cifar224,p4_rank1_c100_seed3_nccl,10,87.480000,91.829000,6.755556,99.200000;96.500000;94.230000;93.380000;92.180000;90.630000;88.940000;87.790000;87.960000;87.480000,100.000000;99.850000;99.670000;99.650000;99.600000;99.250000;99.170000;98.910000;98.720000;98.410000,1786448843,2,SD-Lora-CL/logs/sdlora_dual_b/cifar224/0/10/p4_rank1_c100_seed3_nccl_3_vit_base_patch16_224.log | SD-Lora-CL/p4_rank1_c100_seed3_nccl.log
cuda6,SD-Lora-CL,SD-Lora-CL/logs/sdlora_dual_b/cifar224/0/20/p5_rank1_t5_c100_nccl_1993_vit_base_patch16_224.log,./exps/p5_rank1_t5_c100_nccl.json,cifar224,p5_rank1_t5_c100_nccl,5,88.250000,92.452000,6.375000,97.200000;95.180000;92.150000;89.480000;88.250000,99.800000;99.580000;99.350000;99.020000;98.640000,1786518740,2,SD-Lora-CL/logs/sdlora_dual_b/cifar224/0/20/p5_rank1_t5_c100_nccl_1993_vit_base_patch16_224.log | SD-Lora-CL/p5_rank1_t5_c100_nccl.log
cuda6,SD-Lora-CL,SD-Lora-CL/logs/sdlora_dual_b/cifar224/0/5/p5_rank1_t20_c100_nccl_1993_vit_base_patch16_224.log,./exps/p5_rank1_t20_c100_nccl.json,cifar224,p5_rank1_t20_c100_nccl,20,83.450000,90.462000,9.884211,99.200000;97.300000;96.130000;95.550000;95.360000;93.900000;93.600000;92.880000;91.820000;89.660000;87.980000;89.550000;88.510000;87.590000;87.040000;85.550000;84.800000;85.160000;84.210000;83.450000,100.000000;100.000000;99.670000;99.500000;99.600000;99.500000;99.460000;99.380000;99.240000;99.160000;98.710000;98.730000;98.540000;98.500000;98.310000;98.360000;98.110000;98.140000;97.720000;97.480000,1786527284,2,SD-Lora-CL/logs/sdlora_dual_b/cifar224/0/5/p5_rank1_t20_c100_nccl_1993_vit_base_patch16_224.log | SD-Lora-CL/p5_rank1_t20_c100_nccl.log
cuda6,SD-Lora-CL,SD-Lora-CL/logs/sdlora_dual_b/cifar224/0/50/rank1_smoke_c100_seed1_1_vit_base_patch16_224.log,./exps/rank1_smoke_c100_seed1.json,cifar224,rank1_smoke_c100_seed1,2,88.110000,90.815000,5.700000,93.520000;88.110000,99.300000;98.510000,1786404853,2,SD-Lora-CL/logs/sdlora_dual_b/cifar224/0/50/rank1_smoke_c100_seed1_1_vit_base_patch16_224.log | SD-Lora-CL/rank1_smoke_c100_seed1_nccl.log
cuda6,SD-Lora-CL,SD-Lora-CL/logs/sdlora_dual_b/imagenetr/0/10/p5_rank1_t20_inr_nccl_1995_vit_base_patch16_224.log,./exps/p5_rank1_t20_inr_nccl.json,imagenetr,p5_rank1_t20_inr_nccl,20,75.140000,80.721500,9.042105,90.850000;90.480000;86.450000;85.920000;84.560000;84.590000;83.310000;83.100000;81.340000;79.290000;79.860000;78.530000;77.450000;76.160000;75.870000;75.790000;75.180000;75.150000;75.410000;75.140000,99.050000;97.970000;96.850000;96.800000;96.230000;96.190000;94.920000;94.870000;94.440000;93.070000;92.500000;91.900000;91.460000;90.780000;90.160000;90.070000;89.620000;89.400000;89.260000;89.200000,1786536857,2,SD-Lora-CL/logs/sdlora_dual_b/imagenetr/0/10/p5_rank1_t20_inr_nccl_1995_vit_base_patch16_224.log | SD-Lora-CL/p5_rank1_t20_inr_nccl.log
cuda6,SD-Lora-CL,SD-Lora-CL/logs/sdlora_dual_b/imagenetr/0/20/p4_rank1_inr_seed1_nccl_1_vit_base_patch16_224.log,./exps/p4_rank1_inr_seed1_nccl.json,imagenetr,p4_rank1_inr_seed1_nccl,10,76.330000,82.636000,7.746667,91.730000;88.310000;86.050000;85.140000;84.500000;80.350000;79.170000;77.700000;77.080000;76.330000,97.180000;95.360000;94.960000;94.840000;94.950000;93.290000;92.330000;91.580000;91.520000;90.980000,1786452860,2,SD-Lora-CL/logs/sdlora_dual_b/imagenetr/0/20/p4_rank1_inr_seed1_nccl_1_vit_base_patch16_224.log | SD-Lora-CL/p4_rank1_inr_seed1_nccl.log
cuda6,SD-Lora-CL,SD-Lora-CL/logs/sdlora_dual_b/imagenetr/0/20/p4_rank1_inr_seed2_nccl_2_vit_base_patch16_224.log,./exps/p4_rank1_inr_seed2_nccl.json,imagenetr,p4_rank1_inr_seed2_nccl,10,76.010000,80.983000,9.167778,85.650000;81.980000;83.870000;84.400000;83.940000;80.380000;78.800000;77.440000;77.360000;76.010000,97.680000;94.450000;94.330000;94.440000;94.460000;92.530000;91.940000;91.370000;91.080000;90.150000,1786456880,2,SD-Lora-CL/logs/sdlora_dual_b/imagenetr/0/20/p4_rank1_inr_seed2_nccl_2_vit_base_patch16_224.log | SD-Lora-CL/p4_rank1_inr_seed2_nccl.log
cuda6,SD-Lora-CL,SD-Lora-CL/logs/sdlora_dual_b/imagenetr/0/20/p4_rank1_inr_seed3_nccl_3_vit_base_patch16_224.log,./exps/p4_rank1_inr_seed3_nccl.json,imagenetr,p4_rank1_inr_seed3_nccl,10,76.210000,82.362000,9.775556,90.620000;86.030000;86.010000;83.920000;84.140000;81.210000;79.710000;78.910000;76.860000;76.210000,97.820000;96.550000;95.560000;95.300000;94.920000;93.030000;92.350000;91.920000;90.970000;90.400000,1786460906,2,SD-Lora-CL/logs/sdlora_dual_b/imagenetr/0/20/p4_rank1_inr_seed3_nccl_3_vit_base_patch16_224.log | SD-Lora-CL/p4_rank1_inr_seed3_nccl.log
cuda6,SD-Lora-CL,SD-Lora-CL/logs/sdlora_dual_b/imagenetr/0/40/p5_rank1_t5_inr_nccl_1995_vit_base_patch16_224.log,./exps/p5_rank1_t5_inr_nccl.json,imagenetr,p5_rank1_t5_inr_nccl,5,77.180000,82.468000,8.277500,89.190000;85.190000;82.780000;78.000000;77.180000,97.720000;96.050000;94.430000;91.390000;90.530000,1786530163,2,SD-Lora-CL/logs/sdlora_dual_b/imagenetr/0/40/p5_rank1_t5_inr_nccl_1995_vit_base_patch16_224.log | SD-Lora-CL/p5_rank1_t5_inr_nccl.log
cuda6,SD-Lora-CL-2,SD-Lora-CL-2/cms_sdlora_decouple_c100.log,./exps/cms_sdlora_decouple_c100.json,cifar224,cms_sdlora_decouple_c100,10,83.490000,89.795000,8.688889,98.100000;95.900000;93.970000;91.500000;90.380000;87.780000;86.430000;85.400000;85.000000;83.490000,100.000000;99.750000;99.600000;99.250000;99.020000;98.620000;98.260000;98.440000;98.230000;97.740000,1781624477,2,SD-Lora-CL-2/cms_sdlora_decouple_c100.log | SD-Lora-CL-2/logs/cms_sdlora/cifar224/0/10/cms_sdlora_decouple_1993_vit_base_patch16_224.log
cuda6,SD-Lora-CL-2,SD-Lora-CL-2/cms_sdlora_do_c100.log,./exps/cms_sdlora_do_c100.json,cifar224,cms_sdlora_do_c100,10,83.580000,89.757000,8.566667,98.000000;95.900000;94.000000;91.550000;90.060000;87.830000;86.460000;85.300000;84.890000;83.580000,100.000000;99.800000;99.600000;99.250000;99.000000;98.570000;98.290000;98.490000;98.380000;97.830000,1781636548,2,SD-Lora-CL-2/cms_sdlora_do_c100.log | SD-Lora-CL-2/logs/cms_sdlora/cifar224/0/10/cms_sdlora_do_1993_vit_base_patch16_224.log
cuda6,SD-Lora-CL-2,SD-Lora-CL-2/cms_sdlora_effective_delta_c100.log,./exps/cms_sdlora_effective_delta_c100.json,cifar224,cms_sdlora_effective_delta_c100,10,85.490000,90.618000,7.977778,97.600000;95.300000;94.270000;92.600000;90.660000;89.180000;87.990000;86.790000;86.300000;85.490000,100.000000;99.700000;99.570000;99.050000;99.000000;98.800000;98.570000;98.520000;98.300000;97.930000,1781686838,2,SD-Lora-CL-2/cms_sdlora_effective_delta_c100.log | SD-Lora-CL-2/logs/cms_sdlora/cifar224/0/10/cms_sdlora_effective_delta_1993_vit_base_patch16_224.log
cuda6,SD-Lora-CL-2,SD-Lora-CL-2/cms_sdlora_inr_scalefix_v2.log,./exps/cms_sdlora_inr_scalefix_v2.json,imagenetr,cms_sdlora_inr_scalefix_v2,10,78.490000,84.018000,5.774444,93.700000;88.620000;86.300000;85.050000;83.190000;82.270000;82.000000;80.690000;79.870000;78.490000,99.430000;97.010000;95.950000;94.680000;93.900000;93.890000;93.180000;92.460000;92.300000;91.380000,1781775248,2,SD-Lora-CL-2/cms_sdlora_inr_scalefix_v2.log | SD-Lora-CL-2/logs/cms_sdlora/imagenetr/0/20/cms_sdlora_inr_scalefix_v2_1993_vit_base_patch16_224.log
cuda6,SD-Lora-CL-2,SD-Lora-CL-2/cms_sdlora_orthogonalize_c100.log,./exps/cms_sdlora_orthogonalize_c100.json,cifar224,cms_sdlora_orthogonalize_c100,10,84.190000,90.034000,8.000000,98.000000;95.900000;94.030000;91.920000;90.340000;88.150000;87.040000;85.780000;84.990000;84.190000,100.000000;99.800000;99.570000;99.350000;99.060000;98.650000;98.460000;98.520000;98.240000;97.940000,1781630584,1,SD-Lora-CL-2/cms_sdlora_orthogonalize_c100.log
cuda6,SD-Lora-CL-2,SD-Lora-CL-2/k-cms-cluster=3_recent=2.log,./exps/k_cms_sdlora_c100.json,cifar224,k_cms_sdlora_c100,10,84.650000,90.432000,7.033333,98.300000;95.800000;93.400000;92.280000;90.600000;88.820000;88.900000;86.340000;85.230000;84.650000,100.000000;99.750000;99.470000;99.320000;99.140000;98.900000;98.870000;98.640000;98.340000;98.150000,1781616465,2,SD-Lora-CL-2/k-cms-cluster=3_recent=2.log | SD-Lora-CL-2/logs/k_cms_sdlora/cifar224/0/10/k_cms_sdlora_1993_vit_base_patch16_224.log
cuda6,SD-Lora-CL-2,SD-Lora-CL-2/k_cms_kmergepp_adaptive_c100.log,./exps/k_cms_sdlora_kmergepp_adaptive_c100.json,cifar224,k_cms_sdlora_kmergepp_adaptive_c100,10,86.550000,91.123000,7.200000,97.600000;95.350000;93.700000;93.500000;91.280000;89.120000;88.790000;88.200000;87.140000;86.550000,100.000000;99.650000;99.370000;99.280000;99.240000;98.980000;98.800000;99.050000;98.740000;98.450000,1781680587,2,SD-Lora-CL-2/k_cms_kmergepp_adaptive_c100.log | SD-Lora-CL-2/logs/k_cms_sdlora/cifar224/0/10/k_cms_sdlora_kmergepp_adaptive_1993_vit_base_patch16_224.log
cuda6,SD-Lora-CL-2,SD-Lora-CL-2/k_cms_kmergepp_s00_c100.log,./exps/k_cms_sdlora_kmergepp_s00_c100.json,cifar224,k_cms_sdlora_kmergepp_s00_c100,10,85.580000,90.489000,7.733333,97.600000;95.200000;93.530000;92.950000;90.540000;88.630000;88.310000;86.510000;86.040000;85.580000,100.000000;99.650000;99.400000;99.180000;99.080000;98.850000;98.640000;98.620000;98.610000;98.230000,1781668944,2,SD-Lora-CL-2/k_cms_kmergepp_s00_c100.log | SD-Lora-CL-2/logs/k_cms_sdlora/cifar224/0/10/k_cms_sdlora_kmergepp_s00_1993_vit_base_patch16_224.log
cuda6,SD-Lora-CL-2,SD-Lora-CL-2/k_cms_kmergepp_s02_c100.log,./exps/k_cms_sdlora_kmergepp_s02_c100.json,cifar224,k_cms_sdlora_kmergepp_s02_c100,10,86.650000,91.143000,7.022222,97.700000;95.300000;93.570000;93.380000;91.220000;89.270000;88.730000;88.200000;87.410000;86.650000,100.000000;99.650000;99.430000;99.200000;99.220000;98.920000;98.790000;99.080000;98.770000;98.410000,1781674767,1,SD-Lora-CL-2/k_cms_kmergepp_s02_c100.log
cuda6,SD-Lora-CL-2,SD-Lora-CL-2/k_cms_kmergepp_s02_recent0_k3_clean.log,./exps/k_cms_sdlora_kmergepp_s02_recent0_k3_c100.json,cifar224,k_cms_sdlora_kmergepp_s02_recent0_k3_c100,10,87.000000,91.503000,6.300000,97.700000;95.850000;94.100000;93.750000;91.300000;89.750000;89.810000;88.400000;87.370000;87.000000,100.000000;99.700000;99.530000;99.380000;99.320000;99.080000;98.940000;98.960000;98.800000;98.490000,1781752739,2,SD-Lora-CL-2/k_cms_kmergepp_s02_recent0_k3_clean.log | SD-Lora-CL-2/logs/k_cms_sdlora/cifar224/0/10/k_cms_sdlora_kmergepp_s02_recent0_k3_1993_vit_base_patch16_224.log
cuda6,SD-Lora-CL-2,SD-Lora-CL-2/k_cms_kmergepp_s02_recent0_k3_inr_v2.log,./exps/k_cms_sdlora_kmergepp_s02_recent0_k3_inr_v2.json,imagenetr,k_cms_sdlora_kmergepp_s02_recent0_k3_inr_v2,10,78.680000,84.233000,6.043333,93.980000;88.170000;87.340000;85.650000;83.720000;82.570000;82.070000;80.930000;79.220000;78.680000,99.430000;96.860000;96.000000;95.120000;94.260000;94.050000;93.370000;92.560000;92.020000;91.480000,1781777758,2,SD-Lora-CL-2/k_cms_kmergepp_s02_recent0_k3_inr_v2.log | SD-Lora-CL-2/logs/k_cms_sdlora/imagenetr/0/20/k_cms_sdlora_kmergepp_s02_recent0_k3_inr_v2_1993_vit_base_patch16_224.log
cuda6,SD-Lora-CL-2,SD-Lora-CL-2/k_cms_kmergepp_s02_recent0_k4_clean.log,./exps/k_cms_sdlora_kmergepp_s02_recent0_k4_c100.json,cifar224,k_cms_sdlora_kmergepp_s02_recent0_k4_c100,10,87.120000,91.485000,6.166667,97.600000;95.750000;93.900000;93.220000;91.260000;89.930000;89.910000;88.400000;87.760000;87.120000,100.000000;99.750000;99.500000;99.200000;99.280000;99.050000;99.000000;99.000000;98.930000;98.510000,1781748981,2,SD-Lora-CL-2/k_cms_kmergepp_s02_recent0_k4_clean.log | SD-Lora-CL-2/logs/k_cms_sdlora/cifar224/0/10/k_cms_sdlora_kmergepp_s02_recent0_k4_1993_vit_base_patch16_224.log
cuda6,SD-Lora-CL-2,SD-Lora-CL-2/k_cms_kmergepp_s02_recent0_k4_inr_v2.log,./exps/k_cms_sdlora_kmergepp_s02_recent0_k4_inr_v2.json,imagenetr,k_cms_sdlora_kmergepp_s02_recent0_k4_inr_v2,10,79.130000,84.009000,5.788889,93.700000;88.170000;87.130000;84.730000;82.890000;82.050000;81.510000;80.970000;79.810000;79.130000,99.430000;97.160000;95.900000;95.320000;94.200000;93.730000;93.350000;92.940000;92.370000;91.730000,1781780426,2,SD-Lora-CL-2/k_cms_kmergepp_s02_recent0_k4_inr_v2.log | SD-Lora-CL-2/logs/k_cms_sdlora/imagenetr/0/20/k_cms_sdlora_kmergepp_s02_recent0_k4_inr_v2_1993_vit_base_patch16_224.log
cuda6,SD-Lora-CL-2,SD-Lora-CL-2/k_cms_kmergepp_s02_recent0_k5_clean.log,./exps/k_cms_sdlora_kmergepp_s02_recent0_k5_c100.json,cifar224,k_cms_sdlora_kmergepp_s02_recent0_k5_c100,10,86.860000,91.325000,6.355556,97.600000;95.900000;94.030000;93.080000;91.060000;89.730000;89.590000;88.060000;87.340000;86.860000,100.000000;99.800000;99.500000;99.280000;99.360000;99.050000;98.910000;98.900000;98.780000;98.430000,1781757200,2,SD-Lora-CL-2/k_cms_kmergepp_s02_recent0_k5_clean.log | SD-Lora-CL-2/logs/k_cms_sdlora/cifar224/0/10/k_cms_sdlora_kmergepp_s02_recent0_k5_1993_vit_base_patch16_224.log
cuda6,SD-Lora-CL-2,SD-Lora-CL-2/k_cms_sdlora_effective_delta_c100.log,./exps/k_cms_sdlora_effective_delta_c100.json,cifar224,k_cms_sdlora_effective_delta_c100,10,83.930000,89.964000,8.311111,97.900000;94.900000;92.400000;91.220000;90.360000;89.650000;88.310000;86.210000;84.760000;83.930000,100.000000;99.600000;99.070000;98.950000;99.160000;98.950000;98.600000;98.810000;98.410000;97.880000,1781702510,2,SD-Lora-CL-2/k_cms_sdlora_effective_delta_c100.log | SD-Lora-CL-2/logs/k_cms_sdlora/cifar224/0/10/k_cms_sdlora_effective_delta_1993_vit_base_patch16_224.log
cuda6,SD-Lora-CL-2,SD-Lora-CL-2/logs/cms_sdlora/cifar224/0/10/cms_sdlora_1993_vit_base_patch16_224.log,./exps/cms_sdlora_c100.json,cifar224,cms_sdlora_c100,10,85.250000,90.266000,7.000000,97.300000;95.100000;93.930000;92.280000;90.460000;88.480000;88.500000;86.040000;85.320000;85.250000,100.000000;99.600000;99.330000;99.020000;98.920000;98.580000;98.560000;98.260000;97.980000;98.000000,1781286337,1,SD-Lora-CL-2/logs/cms_sdlora/cifar224/0/10/cms_sdlora_1993_vit_base_patch16_224.log
cuda6,SD-Lora-CL-2,SD-Lora-CL-2/logs/k_cms_sdlora/imagenetr/0/20/seed_1995_k4_anchor_inr_1995_vit_base_patch16_224.log,./exps/seed_1995_k4_anchor_inr.json,imagenetr,seed_1995_k4_anchor_inr,10,78.280000,82.769000,5.231111,92.980000;87.980000;85.050000;83.330000;81.830000;80.980000;79.780000;79.460000;78.020000;78.280000,98.750000;96.880000;96.030000;94.610000;93.960000;93.640000;92.710000;92.700000;91.460000;91.850000,1782271345,2,SD-Lora-CL-2/logs/k_cms_sdlora/imagenetr/0/20/seed_1995_k4_anchor_inr_1995_vit_base_patch16_224.log | SD-Lora-CL-2/seed_1995_k4_anchor_inr_bs64_2gpu.log
cuda6,SD-Lora-CL-2,SD-Lora-CL-2/logs/k_cms_sdlora/imagenetr/0/20/seed_1995_k4_bwscale_inr_1995_vit_base_patch16_224.log,./exps/seed_1995_k4_bwscale_inr.json,imagenetr,seed_1995_k4_bwscale_inr,10,77.910000,82.518000,5.498889,92.820000;87.140000;84.590000;82.950000;82.030000;80.710000;79.690000;79.410000;77.930000;77.910000,98.910000;96.960000;95.880000;94.640000;94.130000;93.620000;92.740000;92.770000;91.330000;91.410000,1782275220,2,SD-Lora-CL-2/logs/k_cms_sdlora/imagenetr/0/20/seed_1995_k4_bwscale_inr_1995_vit_base_patch16_224.log | SD-Lora-CL-2/seed_1995_k4_bwscale_inr_bs64_2gpu.log
cuda6,SD-Lora-CL-2,SD-Lora-CL-2/logs/k_cms_sdlora/imagenetr/0/20/seed_1995_k4_hardcap_inr_1995_vit_base_patch16_224.log,./exps/seed_1995_k4_hardcap_inr.json,imagenetr,seed_1995_k4_hardcap_inr,10,78.130000,82.754000,5.386667,92.820000;87.670000;84.690000;83.480000;81.830000;80.950000;80.210000;79.520000;78.240000;78.130000,99.060000;96.880000;95.930000;94.610000;93.870000;93.700000;92.900000;92.620000;91.570000;91.800000,1782268005,2,SD-Lora-CL-2/logs/k_cms_sdlora/imagenetr/0/20/seed_1995_k4_hardcap_inr_1995_vit_base_patch16_224.log | SD-Lora-CL-2/seed_1995_k4_hardcap_inr_bs64_2gpu.log
cuda6,SD-Lora-CL-2,SD-Lora-CL-2/logs/sdlora/cifar224/0/10/reproduce_1993_vit_base_patch16_224.log,./exps/sdlora_c100.json,cifar224,sdlora_c100,10,86.800000,91.390000,5.700000,98.800000;96.200000;93.830000;92.780000;90.980000;89.650000;89.710000;88.110000;87.040000;86.800000,100.000000;99.850000;99.500000;99.350000;99.300000;99.070000;99.090000;98.990000;98.740000;98.410000,1781254727,1,SD-Lora-CL-2/logs/sdlora/cifar224/0/10/reproduce_1993_vit_base_patch16_224.log
cuda6,SD-Lora-CL-2,SD-Lora-CL-2/logs/sdlora/imagenetr/0/20/reproduce_1995_vit_base_patch16_224.log,./exps/sdlora_inr.json,imagenetr,sdlora_inr,10,78.640000,83.056000,5.620000,92.360000;88.050000;86.270000;83.710000;81.960000;81.580000;80.470000;79.500000;78.020000;78.640000,98.280000;96.960000;95.980000;94.870000;94.030000;93.640000;92.930000;92.600000;91.560000;91.450000,1781787067,2,SD-Lora-CL-2/logs/sdlora/imagenetr/0/20/reproduce_1995_vit_base_patch16_224.log | SD-Lora-CL-2/sdlora_inr.log
cuda6,SD-Lora-CL-2,SD-Lora-CL-2/logs/sdlora/imagenetr/0/20/sdlora_inr_bs32_1993_vit_base_patch16_224.log,./exps/sdlora_inr_seed1993_bs32.json,imagenetr,sdlora_inr_seed1993_bs32,10,79.630000,84.841000,4.977778,95.130000;89.600000;88.060000;85.250000;83.850000;82.650000;82.260000;81.540000;80.440000;79.630000,99.280000;97.160000;96.000000;95.600000;94.690000;93.970000;93.510000;93.190000;92.800000;92.060000,1781770221,2,SD-Lora-CL-2/logs/sdlora/imagenetr/0/20/sdlora_inr_bs32_1993_vit_base_patch16_224.log | SD-Lora-CL-2/sdlora_inr_bs32.log
cuda6,SD-Lora-CL-adaptive-a,SD-Lora-CL-adaptive-a/c100_coordinate_stable_adaptive_a_seed1993_2gpu_bs64.log,./.runtime_adaptive_a_three_way_2gpu/c100_coordinate_stable_adaptive_a_seed1993_2gpu_bs64.json,cifar224,c100_coordinate_stable_adaptive_a_seed1993_2gpu_bs64,10,88.270000,92.244000,6.011111,97.700000;96.050000;94.000000;93.550000;92.400000;91.820000;91.130000;89.040000;88.480000;88.270000,100.000000;99.700000;99.500000;99.400000;99.340000;99.180000;99.070000;99.000000;98.830000;98.710000,1788707335,2,SD-Lora-CL-adaptive-a/c100_coordinate_stable_adaptive_a_seed1993_2gpu_bs64.log | SD-Lora-CL-adaptive-a/logs/sa_sdlora/cifar224/0/10/c100_coordinate_stable_adaptive_a_seed1993_2gpu_bs64_1993_vit_base_patch16_224.log
cuda6,SD-Lora-CL-adaptive-a,SD-Lora-CL-adaptive-a/c100_coordinate_stable_frozen_a_seed1993_2gpu_bs64.log,./.runtime_adaptive_a_three_way_2gpu/c100_coordinate_stable_frozen_a_seed1993_2gpu_bs64.json,cifar224,c100_coordinate_stable_frozen_a_seed1993_2gpu_bs64,10,87.990000,92.213000,6.055556,97.700000;95.900000;94.070000;93.420000;92.300000;91.830000;91.160000;89.150000;88.610000;87.990000,100.000000;99.750000;99.570000;99.320000;99.320000;99.100000;99.060000;99.040000;98.840000;98.680000,1788701217,2,SD-Lora-CL-adaptive-a/c100_coordinate_stable_frozen_a_seed1993_2gpu_bs64.log | SD-Lora-CL-adaptive-a/logs/sa_sdlora/cifar224/0/10/c100_coordinate_stable_frozen_a_seed1993_2gpu_bs64_1993_vit_base_patch16_224.log
cuda6,SD-Lora-CL-adaptive-a,SD-Lora-CL-adaptive-a/c100_coordinate_stable_live_a_seed1993_2gpu_bs64.log,./.runtime_adaptive_a_three_way_2gpu/c100_coordinate_stable_live_a_seed1993_2gpu_bs64.json,cifar224,c100_coordinate_stable_live_a_seed1993_2gpu_bs64,10,88.190000,92.268000,6.433333,97.700000;96.300000;94.400000;93.450000;92.160000;91.730000;91.170000;89.020000;88.560000;88.190000,100.000000;99.700000;99.500000;99.400000;99.380000;99.150000;99.090000;99.040000;98.870000;98.700000,1788695302,2,SD-Lora-CL-adaptive-a/c100_coordinate_stable_live_a_seed1993_2gpu_bs64.log | SD-Lora-CL-adaptive-a/logs/sa_sdlora/cifar224/0/10/c100_coordinate_stable_live_a_seed1993_2gpu_bs64_1993_vit_base_patch16_224.log
cuda6,SD-Lora-CL-adaptive-a,SD-Lora-CL-adaptive-a/cub_coordinate_stable_adaptive_a_seed1_2gpu_bs64.log,./.runtime_adaptive_a_three_way_2gpu/cub_coordinate_stable_adaptive_a_seed1_2gpu_bs64.json,cub,cub_coordinate_stable_adaptive_a_seed1_2gpu_bs64,10,84.070000,87.456000,8.564444,97.570000;88.170000;86.340000;85.050000;84.180000;88.610000;87.410000;87.190000;85.970000;84.070000,100.000000;99.570000;99.370000;99.090000;98.760000;98.380000;98.210000;98.140000;97.670000;97.500000,1788726888,2,SD-Lora-CL-adaptive-a/cub_coordinate_stable_adaptive_a_seed1_2gpu_bs64.log | SD-Lora-CL-adaptive-a/logs/sa_sdlora/cub/0/20/cub_coordinate_stable_adaptive_a_seed1_2gpu_bs64_1_vit_base_patch16_224.log
cuda6,SD-Lora-CL-adaptive-a,SD-Lora-CL-adaptive-a/cub_coordinate_stable_frozen_a_seed1_2gpu_bs64.log,./.runtime_adaptive_a_three_way_2gpu/cub_coordinate_stable_frozen_a_seed1_2gpu_bs64.json,cub,cub_coordinate_stable_frozen_a_seed1_2gpu_bs64,10,84.400000,87.554000,7.743333,97.570000;88.080000;86.460000;85.090000;84.150000;88.610000;87.700000;87.280000;86.200000;84.400000,100.000000;99.570000;99.370000;99.090000;98.730000;98.360000;98.260000;98.160000;97.670000;97.340000,1788724893,2,SD-Lora-CL-adaptive-a/cub_coordinate_stable_frozen_a_seed1_2gpu_bs64.log | SD-Lora-CL-adaptive-a/logs/sa_sdlora/cub/0/20/cub_coordinate_stable_frozen_a_seed1_2gpu_bs64_1_vit_base_patch16_224.log
cuda6,SD-Lora-CL-adaptive-a,SD-Lora-CL-adaptive-a/cub_coordinate_stable_live_a_seed1_2gpu_bs64.log,./.runtime_adaptive_a_three_way_2gpu/cub_coordinate_stable_live_a_seed1_2gpu_bs64.json,cub,cub_coordinate_stable_live_a_seed1_2gpu_bs64,10,83.030000,87.170000,9.865556,97.570000;87.740000;86.400000;85.000000;83.980000;88.150000;87.610000;86.710000;85.510000;83.030000,100.000000;99.570000;99.370000;99.090000;98.690000;98.440000;98.210000;98.140000;97.840000;97.640000,1788722920,2,SD-Lora-CL-adaptive-a/cub_coordinate_stable_live_a_seed1_2gpu_bs64.log | SD-Lora-CL-adaptive-a/logs/sa_sdlora/cub/0/20/cub_coordinate_stable_live_a_seed1_2gpu_bs64_1_vit_base_patch16_224.log
cuda6,SD-Lora-CL-adaptive-a,SD-Lora-CL-adaptive-a/inr_coordinate_stable_adaptive_a_seed1995_2gpu_bs64.log,./.runtime_adaptive_a_three_way_2gpu/inr_coordinate_stable_adaptive_a_seed1995_2gpu_bs64.json,imagenetr,inr_coordinate_stable_adaptive_a_seed1995_2gpu_bs64,10,79.130000,83.080000,5.072222,90.480000;87.370000;85.860000;83.970000;82.220000;82.320000;80.710000;79.880000;78.860000;79.130000,97.190000;96.420000;95.780000;95.140000;94.390000;93.810000;93.330000;92.450000;91.840000;92.260000,1788720904,2,SD-Lora-CL-adaptive-a/inr_coordinate_stable_adaptive_a_seed1995_2gpu_bs64.log | SD-Lora-CL-adaptive-a/logs/sa_sdlora/imagenetr/0/20/inr_coordinate_stable_adaptive_a_seed1995_2gpu_bs64_1995_vit_base_patch16_224.log
cuda6,SD-Lora-CL-adaptive-a,SD-Lora-CL-adaptive-a/inr_coordinate_stable_frozen_a_seed1995_2gpu_bs64.log,./.runtime_adaptive_a_three_way_2gpu/inr_coordinate_stable_frozen_a_seed1995_2gpu_bs64.json,imagenetr,inr_coordinate_stable_frozen_a_seed1995_2gpu_bs64,10,78.490000,82.914000,5.576667,90.480000;87.600000;85.860000;83.630000;82.350000;82.260000;80.400000;79.750000;78.320000;78.490000,97.190000;96.500000;95.630000;94.990000;94.230000;93.750000;93.170000;92.260000;91.760000;91.980000,1788716361,2,SD-Lora-CL-adaptive-a/inr_coordinate_stable_frozen_a_seed1995_2gpu_bs64.log | SD-Lora-CL-adaptive-a/logs/sa_sdlora/imagenetr/0/20/inr_coordinate_stable_frozen_a_seed1995_2gpu_bs64_1995_vit_base_patch16_224.log
cuda6,SD-Lora-CL-adaptive-a,SD-Lora-CL-adaptive-a/inr_coordinate_stable_live_a_seed1995_2gpu_bs64.log,./.runtime_adaptive_a_three_way_2gpu/inr_coordinate_stable_live_a_seed1995_2gpu_bs64.json,imagenetr,inr_coordinate_stable_live_a_seed1995_2gpu_bs64,10,79.180000,83.404000,5.592222,90.480000;87.820000;86.570000;84.310000;82.260000;82.730000;81.380000;80.070000;79.240000;79.180000,97.190000;96.880000;95.680000;95.140000;94.460000;93.700000;93.380000;92.580000;91.970000;92.460000,1788711804,2,SD-Lora-CL-adaptive-a/inr_coordinate_stable_live_a_seed1995_2gpu_bs64.log | SD-Lora-CL-adaptive-a/logs/sa_sdlora/imagenetr/0/20/inr_coordinate_stable_live_a_seed1995_2gpu_bs64_1995_vit_base_patch16_224.log
cuda6,SD-Lora-CL-adaptive-budget,SD-Lora-CL-adaptive-budget/aob_c100_seed1_2gpu_bs64.log,./exps/aob_c100_seed1_2gpu_bs64.json,cifar224,aob_c100_seed1_2gpu_bs64,10,87.240000,92.243000,9.388889,99.100000;97.700000;95.430000;92.650000;92.080000;91.830000;90.100000;89.320000;86.980000;87.240000,100.000000;99.700000;99.730000;99.620000;99.280000;99.170000;99.060000;98.920000;98.600000;98.320000,1788323937,2,SD-Lora-CL-adaptive-budget/aob_c100_seed1_2gpu_bs64.log | SD-Lora-CL-adaptive-budget/logs/sa_sdlora/cifar224/0/10/aob_c100_seed1_2gpu_bs64_1_vit_base_patch16_224.log
cuda6,SD-Lora-CL-adaptive-budget,SD-Lora-CL-adaptive-budget/aob_c100_seed2_2gpu_bs64.log,./exps/aob_c100_seed2_2gpu_bs64.json,cifar224,aob_c100_seed2_2gpu_bs64,10,88.290000,91.932000,7.388889,98.900000;97.750000;93.070000;92.950000;91.820000;90.900000;89.190000;88.510000;87.940000;88.290000,99.900000;99.850000;99.700000;99.750000;99.520000;99.300000;98.960000;98.890000;98.740000;98.650000,1788356528,2,SD-Lora-CL-adaptive-budget/aob_c100_seed2_2gpu_bs64.log | SD-Lora-CL-adaptive-budget/logs/sa_sdlora/cifar224/0/10/aob_c100_seed2_2gpu_bs64_2_vit_base_patch16_224.log
cuda6,SD-Lora-CL-adaptive-budget,SD-Lora-CL-adaptive-budget/aob_c100_seed3_2gpu_bs64.log,./exps/aob_c100_seed3_2gpu_bs64.json,cifar224,aob_c100_seed3_2gpu_bs64,10,87.250000,91.087000,9.044444,98.900000;96.650000;93.200000;91.280000;90.140000;89.680000;88.400000;87.700000;87.670000;87.250000,99.900000;99.900000;99.600000;99.580000;99.360000;99.000000;99.140000;98.740000;98.780000;98.510000,1788368141,2,SD-Lora-CL-adaptive-budget/aob_c100_seed3_2gpu_bs64.log | SD-Lora-CL-adaptive-budget/logs/sa_sdlora/cifar224/0/10/aob_c100_seed3_2gpu_bs64_3_vit_base_patch16_224.log
cuda6,SD-Lora-CL-adaptive-budget,SD-Lora-CL-adaptive-budget/aob_c100_seed4_2gpu_bs64.log,./exps/aob_c100_seed4_2gpu_bs64.json,cifar224,aob_c100_seed4_2gpu_bs64,10,86.280000,90.832000,9.488889,96.800000;94.350000;93.870000;92.650000;88.860000;90.800000;89.110000;88.260000;87.340000;86.280000,99.900000;99.800000;99.770000;99.680000;99.480000;99.420000;99.070000;98.910000;98.660000;98.280000,1788379611,2,SD-Lora-CL-adaptive-budget/aob_c100_seed4_2gpu_bs64.log | SD-Lora-CL-adaptive-budget/logs/sa_sdlora/cifar224/0/10/aob_c100_seed4_2gpu_bs64_4_vit_base_patch16_224.log
cuda6,SD-Lora-CL-adaptive-budget,SD-Lora-CL-adaptive-budget/aob_c100_seed5_2gpu_bs64.log,./exps/aob_c100_seed5_2gpu_bs64.json,cifar224,aob_c100_seed5_2gpu_bs64,10,87.420000,90.950000,8.800000,97.200000;94.300000;94.000000;92.120000;90.460000;89.300000;88.540000;87.840000;88.320000;87.420000,99.700000;99.800000;99.530000;99.180000;99.200000;99.200000;98.940000;98.690000;98.610000;98.390000,1788391068,2,SD-Lora-CL-adaptive-budget/aob_c100_seed5_2gpu_bs64.log | SD-Lora-CL-adaptive-budget/logs/sa_sdlora/cifar224/0/10/aob_c100_seed5_2gpu_bs64_5_vit_base_patch16_224.log
cuda6,SD-Lora-CL-adaptive-budget,SD-Lora-CL-adaptive-budget/aob_cub_seed1_2gpu_bs64.log,./exps/aob_cub_seed1_2gpu_bs64.json,cub,aob_cub_seed1_2gpu_bs64,10,79.720000,86.415000,13.762222,97.570000;87.820000;86.290000;85.130000;84.080000;87.630000;86.310000;85.240000;84.360000;79.720000,100.000000;99.570000;99.370000;99.090000;98.690000;98.330000;98.290000;98.180000;97.730000;97.360000,1788330355,2,SD-Lora-CL-adaptive-budget/aob_cub_seed1_2gpu_bs64.log | SD-Lora-CL-adaptive-budget/logs/sa_sdlora/cub/0/20/aob_cub_seed1_2gpu_bs64_1_vit_base_patch16_224.log
cuda6,SD-Lora-CL-adaptive-budget,SD-Lora-CL-adaptive-budget/aob_cub_seed2_2gpu_bs64.log,./exps/aob_cub_seed2_2gpu_bs64.json,cub,aob_cub_seed2_2gpu_bs64,10,76.350000,84.461000,12.758889,96.930000;89.540000;87.850000;84.080000;82.120000;85.570000;82.830000;79.910000;79.430000;76.350000,99.830000;99.570000;99.480000;98.920000;98.410000;97.790000;97.720000;97.250000;97.170000;96.480000,1788362660,2,SD-Lora-CL-adaptive-budget/aob_cub_seed2_2gpu_bs64.log | SD-Lora-CL-adaptive-budget/logs/sa_sdlora/cub/0/20/aob_cub_seed2_2gpu_bs64_2_vit_base_patch16_224.log
cuda6,SD-Lora-CL-adaptive-budget,SD-Lora-CL-adaptive-budget/aob_cub_seed3_2gpu_bs64.log,./exps/aob_cub_seed3_2gpu_bs64.json,cub,aob_cub_seed3_2gpu_bs64,10,78.930000,85.148000,13.198889,98.110000;93.540000;88.140000;82.900000;81.270000;83.950000;82.800000;81.990000;79.850000;78.930000,99.830000;99.480000;98.890000;98.640000;98.230000;98.090000;97.720000;97.610000;97.370000;96.930000,1788374256,2,SD-Lora-CL-adaptive-budget/aob_cub_seed3_2gpu_bs64.log | SD-Lora-CL-adaptive-budget/logs/sa_sdlora/cub/0/20/aob_cub_seed3_2gpu_bs64_3_vit_base_patch16_224.log
cuda6,SD-Lora-CL-adaptive-budget,SD-Lora-CL-adaptive-budget/aob_cub_seed4_2gpu_bs64.log,./exps/aob_cub_seed4_2gpu_bs64.json,cub,aob_cub_seed4_2gpu_bs64,10,77.630000,86.729000,11.547778,99.150000;94.790000;90.470000;86.880000;84.940000;87.550000;84.490000;82.620000;78.770000;77.630000,100.000000;99.830000;99.770000;99.520000;98.920000;98.310000;98.140000;97.900000;97.520000;97.070000,1788385747,2,SD-Lora-CL-adaptive-budget/aob_cub_seed4_2gpu_bs64.log | SD-Lora-CL-adaptive-budget/logs/sa_sdlora/cub/0/20/aob_cub_seed4_2gpu_bs64_4_vit_base_patch16_224.log
cuda6,SD-Lora-CL-adaptive-budget,SD-Lora-CL-adaptive-budget/aob_cub_seed5_2gpu_bs64.log,./exps/aob_cub_seed5_2gpu_bs64.json,cub,aob_cub_seed5_2gpu_bs64,10,77.650000,85.110000,15.315556,96.180000;92.910000;86.870000;85.060000;82.940000;84.770000;82.970000;80.790000;80.960000;77.650000,99.830000;99.480000;98.970000;98.760000;98.310000;97.820000;97.690000;97.550000;97.570000;96.810000,1788397162,2,SD-Lora-CL-adaptive-budget/aob_cub_seed5_2gpu_bs64.log | SD-Lora-CL-adaptive-budget/logs/sa_sdlora/cub/0/20/aob_cub_seed5_2gpu_bs64_5_vit_base_patch16_224.log
cuda6,SD-Lora-CL-adaptive-budget,SD-Lora-CL-adaptive-budget/aob_inr_seed1_2gpu_bs64.log,./exps/aob_inr_seed1_2gpu_bs64.json,imagenetr,aob_inr_seed1_2gpu_bs64,10,79.330000,84.200000,6.360000,92.430000;90.630000;87.450000;85.350000;84.540000;81.830000;80.710000;79.710000;80.020000;79.330000,98.940000;96.520000;96.080000;95.130000;94.910000;93.570000;93.480000;93.020000;92.770000;92.250000,1788328329,2,SD-Lora-CL-adaptive-budget/aob_inr_seed1_2gpu_bs64.log | SD-Lora-CL-adaptive-budget/logs/sa_sdlora/imagenetr/0/20/aob_inr_seed1_2gpu_bs64_1_vit_base_patch16_224.log
cuda6,SD-Lora-CL-adaptive-budget,SD-Lora-CL-adaptive-budget/aob_inr_seed2_2gpu_bs64.log,./exps/aob_inr_seed2_2gpu_bs64.json,imagenetr,aob_inr_seed2_2gpu_bs64,10,78.790000,82.781000,8.634444,88.400000;84.440000;84.930000;84.490000;83.840000;81.800000;81.430000;79.780000;79.910000;78.790000,97.050000;94.900000;94.920000;94.350000;94.330000;93.350000;93.610000;92.630000;93.080000;92.410000,1788360714,2,SD-Lora-CL-adaptive-budget/aob_inr_seed2_2gpu_bs64.log | SD-Lora-CL-adaptive-budget/logs/sa_sdlora/imagenetr/0/20/aob_inr_seed2_2gpu_bs64_2_vit_base_patch16_224.log
cuda6,SD-Lora-CL-adaptive-budget,SD-Lora-CL-adaptive-budget/aob_inr_seed3_2gpu_bs64.log,./exps/aob_inr_seed3_2gpu_bs64.json,imagenetr,aob_inr_seed3_2gpu_bs64,10,78.510000,83.960000,9.836667,92.800000;89.140000;86.670000;83.790000;84.530000;81.710000;81.240000;81.470000;79.740000;78.510000,98.660000;96.890000;95.450000;94.740000;94.110000;93.470000;93.050000;92.900000;92.680000;91.710000,1788372321,2,SD-Lora-CL-adaptive-budget/aob_inr_seed3_2gpu_bs64.log | SD-Lora-CL-adaptive-budget/logs/sa_sdlora/imagenetr/0/20/aob_inr_seed3_2gpu_bs64_3_vit_base_patch16_224.log
cuda6,SD-Lora-CL-adaptive-budget,SD-Lora-CL-adaptive-budget/aob_inr_seed4_2gpu_bs64.log,./exps/aob_inr_seed4_2gpu_bs64.json,imagenetr,aob_inr_seed4_2gpu_bs64,10,79.060000,83.564000,6.260000,90.980000;87.480000;86.800000;84.900000;83.290000;82.130000;81.240000;79.820000;79.940000;79.060000,98.110000;95.300000;95.000000;94.580000;93.610000;93.210000;93.210000;92.200000;92.300000;91.930000,1788383786,2,SD-Lora-CL-adaptive-budget/aob_inr_seed4_2gpu_bs64.log | SD-Lora-CL-adaptive-budget/logs/sa_sdlora/imagenetr/0/20/aob_inr_seed4_2gpu_bs64_4_vit_base_patch16_224.log
cuda6,SD-Lora-CL-adaptive-budget,SD-Lora-CL-adaptive-budget/aob_inr_seed5_2gpu_bs64.log,./exps/aob_inr_seed5_2gpu_bs64.json,imagenetr,aob_inr_seed5_2gpu_bs64,10,79.080000,83.838000,8.054444,91.670000;88.970000;85.990000;84.240000;83.620000;82.500000;81.820000;81.020000;79.470000;79.080000,98.080000;96.830000;95.520000;94.820000;94.260000;93.700000;93.000000;92.680000;92.020000;91.900000,1788395226,2,SD-Lora-CL-adaptive-budget/aob_inr_seed5_2gpu_bs64.log | SD-Lora-CL-adaptive-budget/logs/sa_sdlora/imagenetr/0/20/aob_inr_seed5_2gpu_bs64_5_vit_base_patch16_224.log
cuda6,SD-Lora-CL-coordinate,SD-Lora-CL-coordinate/aligned_c100_current_seed1993_nccl.log,/tmp/aligned_c100_current_seed1993_nccl.H8IN3J.json,cifar224,aligned_c100_current_seed1993_nccl.H8IN3J,10,88.340000,92.340000,6.366667,97.800000;96.000000;94.370000;93.450000;92.580000;91.630000;91.340000;89.280000;88.610000;88.340000,100.000000;99.750000;99.470000;99.380000;99.400000;99.170000;99.140000;99.120000;98.920000;98.740000,1788074921,2,SD-Lora-CL-coordinate/aligned_c100_current_seed1993_nccl.log | SD-Lora-CL-coordinate/logs/sa_sdlora/cifar224/0/10/aligned_c100_current_seed1993_nccl_1993_vit_base_patch16_224.log
cuda6,SD-Lora-CL-coordinate,SD-Lora-CL-coordinate/aligned_c100_sdlora_seed1993_nccl.log,/tmp/aligned_c100_sdlora_seed1993_nccl.kXxySC.json,cifar224,aligned_c100_sdlora_seed1993_nccl.kXxySC,10,87.000000,91.998000,5.633333,98.600000;96.850000;94.830000;94.050000;91.780000;90.400000;90.470000;88.580000;87.420000;87.000000,100.000000;99.750000;99.570000;99.400000;99.360000;99.180000;99.190000;99.060000;98.890000;98.710000,1788079443,2,SD-Lora-CL-coordinate/aligned_c100_sdlora_seed1993_nccl.log | SD-Lora-CL-coordinate/logs/sdlora/cifar224/0/10/aligned_c100_sdlora_seed1993_nccl_1993_vit_base_patch16_224.log
cuda6,SD-Lora-CL-coordinate,SD-Lora-CL-coordinate/aligned_cub_current_seed1_nccl.log,/tmp/aligned_cub_current_seed1_nccl.x1qdWr.json,cub,aligned_cub_current_seed1_nccl.x1qdWr,10,83.070000,87.570000,10.112222,97.740000;87.740000;87.660000;86.260000;84.840000;88.430000;87.510000;86.820000;85.630000;83.070000,100.000000;99.570000;99.310000;99.220000;98.690000;98.360000;98.260000;98.220000;97.810000;97.600000,1788088134,2,SD-Lora-CL-coordinate/aligned_cub_current_seed1_nccl.log | SD-Lora-CL-coordinate/logs/sa_sdlora/cub/0/20/aligned_cub_current_seed1_nccl_1_vit_base_patch16_224.log
cuda6,SD-Lora-CL-coordinate,SD-Lora-CL-coordinate/aligned_cub_sdlora_seed1_nccl.log,/tmp/aligned_cub_sdlora_seed1_nccl.Fu1jr2.json,cub,aligned_cub_sdlora_seed1_nccl.Fu1jr2,10,71.190000,81.706000,12.710000,97.220000;87.820000;86.800000;85.130000;83.250000;79.550000;77.790000;76.400000;71.910000;71.190000,100.000000;99.570000;99.370000;99.010000;98.620000;98.440000;98.390000;98.070000;97.090000;96.890000,1788089972,2,SD-Lora-CL-coordinate/aligned_cub_sdlora_seed1_nccl.log | SD-Lora-CL-coordinate/logs/sdlora/cub/0/20/aligned_cub_sdlora_seed1_nccl_1_vit_base_patch16_224.log
cuda6,SD-Lora-CL-coordinate,SD-Lora-CL-coordinate/aligned_inr_current_seed1995_nccl.log,/tmp/aligned_inr_current_seed1995_nccl.kbLAb6.json,imagenetr,aligned_inr_current_seed1995_nccl.kbLAb6,10,79.210000,83.325000,5.067778,89.550000;87.600000;86.370000;84.540000;83.280000;82.650000;81.000000;80.170000;78.880000;79.210000,97.040000;96.960000;96.340000;95.290000;94.620000;94.110000;93.020000;92.720000;92.010000;92.200000,1788082795,2,SD-Lora-CL-coordinate/aligned_inr_current_seed1995_nccl.log | SD-Lora-CL-coordinate/logs/sa_sdlora/imagenetr/0/20/aligned_inr_current_seed1995_nccl_1995_vit_base_patch16_224.log
cuda6,SD-Lora-CL-coordinate,SD-Lora-CL-coordinate/aligned_inr_sdlora_seed1995_nccl.log,/tmp/aligned_inr_sdlora_seed1995_nccl.tM6Tzf.json,imagenetr,aligned_inr_sdlora_seed1995_nccl.tM6Tzf,10,77.940000,82.898000,6.530000,91.730000;88.200000;85.610000;83.860000;82.520000;81.660000;80.070000;79.350000;78.040000;77.940000,98.600000;97.560000;96.080000;95.100000;94.330000;94.000000;93.240000;92.960000;92.020000;91.750000,1788086428,2,SD-Lora-CL-coordinate/aligned_inr_sdlora_seed1995_nccl.log | SD-Lora-CL-coordinate/logs/sdlora/imagenetr/0/20/aligned_inr_sdlora_seed1995_nccl_1995_vit_base_patch16_224.log
cuda6,SD-Lora-CL-coordinate,SD-Lora-CL-coordinate/c100_abl_freeze_a_seed1_nccl.log,/tmp/c100_abl_freeze_a_seed1_nccl.6Q7NaC.json,cifar224,c100_abl_freeze_a_seed1_nccl.6Q7NaC,10,87.490000,92.335000,7.422222,97.600000;97.450000;95.330000;92.850000;92.700000;91.970000;90.500000;89.680000;87.780000;87.490000,99.900000;99.550000;99.570000;99.300000;99.320000;99.070000;98.960000;98.890000;98.720000;98.380000,1787975954,2,SD-Lora-CL-coordinate/c100_abl_freeze_a_seed1_nccl.log | SD-Lora-CL-coordinate/logs/sa_sdlora/cifar224/0/10/c100_abl_freeze_a_seed1_nccl_1_vit_base_patch16_224.log
cuda6,SD-Lora-CL-coordinate,SD-Lora-CL-coordinate/c100_abl_freeze_a_seed2_nccl.log,/tmp/c100_abl_freeze_a_seed2_nccl.gMG260.json,cifar224,c100_abl_freeze_a_seed2_nccl.gMG260,10,88.260000,92.009000,5.522222,98.500000;97.350000;92.630000;92.680000;92.400000;91.480000;89.990000;88.740000;88.060000;88.260000,99.900000;99.750000;99.630000;99.680000;99.520000;99.370000;99.210000;98.920000;98.820000;98.730000,1787979652,2,SD-Lora-CL-coordinate/c100_abl_freeze_a_seed2_nccl.log | SD-Lora-CL-coordinate/logs/sa_sdlora/cifar224/0/10/c100_abl_freeze_a_seed2_nccl_2_vit_base_patch16_224.log
cuda6,SD-Lora-CL-coordinate,SD-Lora-CL-coordinate/c100_abl_freeze_a_seed3_nccl.log,/tmp/c100_abl_freeze_a_seed3_nccl.xOvvcl.json,cifar224,c100_abl_freeze_a_seed3_nccl.xOvvcl,10,87.840000,91.471000,6.966667,98.900000;95.600000;93.530000;91.780000;90.900000;90.450000;88.970000;88.410000;88.330000;87.840000,99.900000;99.800000;99.730000;99.600000;99.520000;99.100000;99.130000;99.020000;98.820000;98.570000,1787983360,2,SD-Lora-CL-coordinate/c100_abl_freeze_a_seed3_nccl.log | SD-Lora-CL-coordinate/logs/sa_sdlora/cifar224/0/10/c100_abl_freeze_a_seed3_nccl_3_vit_base_patch16_224.log
cuda6,SD-Lora-CL-coordinate,SD-Lora-CL-coordinate/c100_abl_shared_a_bank_dual_b_seed1_nccl.log,/tmp/c100_abl_shared_a_bank_dual_b_seed1_nccl.5H3XBb.json,cifar224,c100_abl_shared_a_bank_dual_b_seed1_nccl.5H3XBb,10,86.770000,92.059000,9.344444,97.500000;97.650000;95.270000;93.100000;92.760000;91.680000;90.070000;89.160000;86.630000;86.770000,99.900000;99.700000;99.670000;99.600000;99.360000;99.130000;98.970000;98.660000;98.280000;98.150000,1788028365,2,SD-Lora-CL-coordinate/c100_abl_shared_a_bank_dual_b_seed1_nccl.log | SD-Lora-CL-coordinate/logs/sa_sdlora/cifar224/0/10/c100_abl_shared_a_bank_dual_b_seed1_nccl_1_vit_base_patch16_224.log
cuda6,SD-Lora-CL-coordinate,SD-Lora-CL-coordinate/c100_abl_shared_a_bank_dual_b_seed2_nccl.log,/tmp/c100_abl_shared_a_bank_dual_b_seed2_nccl.r5tV6H.json,cifar224,c100_abl_shared_a_bank_dual_b_seed2_nccl.r5tV6H,10,87.510000,91.668000,7.622222,98.400000;97.600000;93.400000;92.950000;92.380000;90.430000;88.730000;88.020000;87.260000;87.510000,99.900000;99.750000;99.730000;99.650000;99.580000;99.330000;99.200000;99.080000;98.810000;98.740000,1788033163,2,SD-Lora-CL-coordinate/c100_abl_shared_a_bank_dual_b_seed2_nccl.log | SD-Lora-CL-coordinate/logs/sa_sdlora/cifar224/0/10/c100_abl_shared_a_bank_dual_b_seed2_nccl_2_vit_base_patch16_224.log
cuda6,SD-Lora-CL-coordinate,SD-Lora-CL-coordinate/c100_abl_shared_a_bank_dual_b_seed3_nccl.log,/tmp/c100_abl_shared_a_bank_dual_b_seed3_nccl.pZXWGM.json,cifar224,c100_abl_shared_a_bank_dual_b_seed3_nccl.pZXWGM,10,87.160000,90.782000,8.777778,98.900000;96.650000;92.930000;91.180000;90.300000;88.800000;87.560000;86.980000;87.360000;87.160000,99.900000;99.850000;99.730000;99.680000;99.560000;99.070000;98.810000;98.380000;98.670000;98.340000,1788037939,2,SD-Lora-CL-coordinate/c100_abl_shared_a_bank_dual_b_seed3_nccl.log | SD-Lora-CL-coordinate/logs/sa_sdlora/cifar224/0/10/c100_abl_shared_a_bank_dual_b_seed3_nccl_3_vit_base_patch16_224.log
cuda6,SD-Lora-CL-coordinate,SD-Lora-CL-coordinate/c100_abl_transport_always_on_seed1_nccl.log,/tmp/c100_abl_transport_always_on_seed1_nccl.uMmxT6.json,cifar224,c100_abl_transport_always_on_seed1_nccl.uMmxT6,10,87.160000,92.249000,8.388889,97.600000;97.350000;95.300000;92.820000;92.600000;92.020000;90.470000;89.700000;87.470000;87.160000,99.900000;99.600000;99.630000;99.500000;99.340000;99.080000;99.060000;98.940000;98.610000;98.420000,1788002026,2,SD-Lora-CL-coordinate/c100_abl_transport_always_on_seed1_nccl.log | SD-Lora-CL-coordinate/logs/sa_sdlora/cifar224/0/10/c100_abl_transport_always_on_seed1_nccl_1_vit_base_patch16_224.log
cuda6,SD-Lora-CL-coordinate,SD-Lora-CL-coordinate/c100_aggregation_bounded_norm_calibrated_seed1_nccl.log,/tmp/c100_aggregation_bounded_norm_calibrated_seed1_nccl.sJN8OL.json,cifar224,c100_aggregation_bounded_norm_calibrated_seed1_nccl.sJN8OL,10,87.160000,92.249000,8.388889,97.600000;97.350000;95.300000;92.820000;92.600000;92.020000;90.470000;89.700000;87.470000;87.160000,99.900000;99.600000;99.630000;99.500000;99.340000;99.080000;99.060000;98.940000;98.610000;98.420000,1787894025,2,SD-Lora-CL-coordinate/c100_aggregation_bounded_norm_calibrated_seed1_nccl.log | SD-Lora-CL-coordinate/logs/sa_sdlora/cifar224/0/10/c100_aggregation_bounded_norm_calibrated_seed1_nccl_1_vit_base_patch16_224.log
cuda6,SD-Lora-CL-coordinate,SD-Lora-CL-coordinate/c100_aggregation_normalized_seed1_nccl.log,/tmp/c100_aggregation_normalized_seed1_nccl.Pj8bht.json,cifar224,c100_aggregation_normalized_seed1_nccl.Pj8bht,10,86.830000,92.214000,9.111111,97.700000;97.550000;95.230000;93.000000;92.680000;91.980000;90.430000;89.540000;87.200000;86.830000,99.900000;99.700000;99.570000;99.400000;99.340000;99.150000;99.110000;99.000000;98.630000;98.490000,1787886585,2,SD-Lora-CL-coordinate/c100_aggregation_normalized_seed1_nccl.log | SD-Lora-CL-coordinate/logs/sa_sdlora/cifar224/0/10/c100_aggregation_normalized_seed1_nccl_1_vit_base_patch16_224.log
cuda6,SD-Lora-CL-coordinate,SD-Lora-CL-coordinate/c100_aggregation_operator_preserving_seed1_nccl.log,/tmp/c100_aggregation_operator_preserving_seed1_nccl.8ZXbVM.json,cifar224,c100_aggregation_operator_preserving_seed1_nccl.8ZXbVM,10,85.540000,91.858000,11.288889,99.000000;97.550000;94.870000;93.050000;92.300000;91.470000;89.970000;88.940000;85.890000;85.540000,100.000000;99.750000;99.600000;99.520000;99.380000;99.170000;99.030000;98.820000;98.260000;97.920000,1787890330,2,SD-Lora-CL-coordinate/c100_aggregation_operator_preserving_seed1_nccl.log | SD-Lora-CL-coordinate/logs/sa_sdlora/cifar224/0/10/c100_aggregation_operator_preserving_seed1_nccl_1_vit_base_patch16_224.log
cuda6,SD-Lora-CL-coordinate,SD-Lora-CL-coordinate/c100_coordinate_stable_normcap_seed1_nccl.log,/tmp/c100_coordinate_stable_normcap_seed1_nccl.FMSUsv.json,cifar224,c100_coordinate_stable_normcap_seed1_nccl.FMSUsv,10,87.160000,92.249000,8.388889,97.600000;97.350000;95.300000;92.820000;92.600000;92.020000;90.470000;89.700000;87.470000;87.160000,99.900000;99.600000;99.630000;99.500000;99.340000;99.080000;99.060000;98.940000;98.610000;98.420000,1787719821,2,SD-Lora-CL-coordinate/c100_coordinate_stable_normcap_seed1_nccl.log | SD-Lora-CL-coordinate/logs/sa_sdlora/cifar224/0/10/c100_coordinate_stable_normcap_seed1_nccl_1_vit_base_patch16_224.log
cuda6,SD-Lora-CL-coordinate,SD-Lora-CL-coordinate/c100_coordinate_stable_normcap_seed2_nccl.log,/tmp/c100_coordinate_stable_normcap_seed2_nccl.JTnVAq.json,cifar224,c100_coordinate_stable_normcap_seed2_nccl.JTnVAq,10,88.020000,92.023000,6.300000,98.500000;97.500000;93.230000;92.980000;92.420000;91.400000;89.740000;88.520000;87.920000;88.020000,99.900000;99.750000;99.670000;99.650000;99.480000;99.330000;99.190000;98.950000;98.820000;98.690000,1787723518,2,SD-Lora-CL-coordinate/c100_coordinate_stable_normcap_seed2_nccl.log | SD-Lora-CL-coordinate/logs/sa_sdlora/cifar224/0/10/c100_coordinate_stable_normcap_seed2_nccl_2_vit_base_patch16_224.log
cuda6,SD-Lora-CL-coordinate,SD-Lora-CL-coordinate/c100_coordinate_stable_normcap_seed3_nccl.log,/tmp/c100_coordinate_stable_normcap_seed3_nccl.7fzkUc.json,cifar224,c100_coordinate_stable_normcap_seed3_nccl.7fzkUc,10,87.460000,91.317000,7.933333,98.900000;96.100000;93.330000;91.650000;90.580000;90.370000;88.590000;88.150000;88.040000;87.460000,99.900000;99.850000;99.730000;99.620000;99.560000;99.080000;99.170000;98.960000;98.880000;98.570000,1787727224,2,SD-Lora-CL-coordinate/c100_coordinate_stable_normcap_seed3_nccl.log | SD-Lora-CL-coordinate/logs/sa_sdlora/cifar224/0/10/c100_coordinate_stable_normcap_seed3_nccl_3_vit_base_patch16_224.log
cuda6,SD-Lora-CL-coordinate,SD-Lora-CL-coordinate/c100_coordinate_stable_normcap_seed4_nccl.log,/tmp/c100_coordinate_stable_normcap_seed4_nccl.YnFJaB.json,cifar224,c100_coordinate_stable_normcap_seed4_nccl.YnFJaB,10,86.910000,90.955000,8.011111,95.900000;95.150000;93.800000;93.150000;89.940000;90.030000;88.690000;88.290000;87.690000;86.910000,100.000000;99.800000;99.830000;99.680000;99.600000;99.470000;99.090000;99.050000;98.960000;98.530000,1787756847,2,SD-Lora-CL-coordinate/c100_coordinate_stable_normcap_seed4_nccl.log | SD-Lora-CL-coordinate/logs/sa_sdlora/cifar224/0/10/c100_coordinate_stable_normcap_seed4_nccl_4_vit_base_patch16_224.log
cuda6,SD-Lora-CL-coordinate,SD-Lora-CL-coordinate/c100_coordinate_stable_normcap_seed5_nccl.log,/tmp/c100_coordinate_stable_normcap_seed5_nccl.RsGVcW.json,cifar224,c100_coordinate_stable_normcap_seed5_nccl.RsGVcW,10,87.150000,90.379000,7.855556,95.400000;94.200000;93.730000;91.650000;90.400000;88.250000;87.940000;87.450000;87.620000;87.150000,99.700000;99.600000;99.500000;99.050000;99.040000;99.250000;98.970000;98.990000;98.720000;98.550000,1787760585,2,SD-Lora-CL-coordinate/c100_coordinate_stable_normcap_seed5_nccl.log | SD-Lora-CL-coordinate/logs/sa_sdlora/cifar224/0/10/c100_coordinate_stable_normcap_seed5_nccl_5_vit_base_patch16_224.log
cuda6,SD-Lora-CL-coordinate,SD-Lora-CL-coordinate/c100_coordinate_stable_opabsorb_seed1993_nccl.log,./exps/c100_coordinate_stable_opabsorb_seed1993_nccl.json,cifar224,c100_coordinate_stable_opabsorb_seed1993_nccl,10,88.000000,92.176000,7.888889,99.200000;96.350000;94.400000;93.420000;92.140000;91.070000;90.740000;88.850000;87.590000;88.000000,100.000000;99.850000;99.530000;99.400000;99.420000;98.930000;99.090000;98.880000;98.710000;98.620000,1787670536,2,SD-Lora-CL-coordinate/c100_coordinate_stable_opabsorb_seed1993_nccl.log | SD-Lora-CL-coordinate/logs/sa_sdlora/cifar224/0/10/c100_coordinate_stable_opabsorb_seed1993_nccl_1993_vit_base_patch16_224.log
cuda6,SD-Lora-CL-coordinate,SD-Lora-CL-coordinate/c100_coordinate_stable_opabsorb_seed1_nccl.log,/tmp/c100_coordinate_stable_opabsorb_seed1_nccl.JY04Kn.json,cifar224,c100_coordinate_stable_opabsorb_seed1_nccl.JY04Kn,10,85.490000,91.845000,11.411111,99.000000;97.500000;94.930000;93.020000;92.280000;91.330000;89.930000;88.900000;86.070000;85.490000,100.000000;99.750000;99.630000;99.550000;99.380000;99.200000;99.000000;98.860000;98.200000;97.980000,1787679369,2,SD-Lora-CL-coordinate/c100_coordinate_stable_opabsorb_seed1_nccl.log | SD-Lora-CL-coordinate/logs/sa_sdlora/cifar224/0/10/c100_coordinate_stable_opabsorb_seed1_nccl_1_vit_base_patch16_224.log
cuda6,SD-Lora-CL-coordinate,SD-Lora-CL-coordinate/c100_coordinate_stable_opabsorb_seed2_nccl.log,/tmp/c100_coordinate_stable_opabsorb_seed2_nccl.z8babO.json,cifar224,c100_coordinate_stable_opabsorb_seed2_nccl.z8babO,10,87.540000,91.913000,8.122222,99.000000;97.850000;93.400000;92.900000;92.220000;90.950000;89.610000;87.950000;87.710000;87.540000,99.900000;99.750000;99.670000;99.650000;99.480000;99.280000;99.210000;98.920000;98.830000;98.630000,1787683109,2,SD-Lora-CL-coordinate/c100_coordinate_stable_opabsorb_seed2_nccl.log | SD-Lora-CL-coordinate/logs/sa_sdlora/cifar224/0/10/c100_coordinate_stable_opabsorb_seed2_nccl_2_vit_base_patch16_224.log
cuda6,SD-Lora-CL-coordinate,SD-Lora-CL-coordinate/c100_coordinate_stable_opabsorb_seed3_nccl.log,/tmp/c100_coordinate_stable_opabsorb_seed3_nccl.ok78Rz.json,cifar224,c100_coordinate_stable_opabsorb_seed3_nccl.ok78Rz,10,87.070000,91.022000,9.600000,99.200000;97.150000;92.800000;91.120000;90.220000;89.950000;88.600000;87.040000;87.070000;87.070000,99.900000;99.900000;99.670000;99.580000;99.500000;98.870000;99.070000;98.650000;98.620000;98.330000,1787686832,2,SD-Lora-CL-coordinate/c100_coordinate_stable_opabsorb_seed3_nccl.log | SD-Lora-CL-coordinate/logs/sa_sdlora/cifar224/0/10/c100_coordinate_stable_opabsorb_seed3_nccl_3_vit_base_patch16_224.log
cuda6,SD-Lora-CL-coordinate,SD-Lora-CL-coordinate/c100_coordinate_stable_seed1993_nccl.log,./exps/c100_coordinate_stable_seed1993_nccl.json,cifar224,c100_coordinate_stable_seed1993_nccl,10,88.360000,92.311000,6.544444,97.900000;96.050000;94.100000;93.350000;92.380000;91.670000;91.300000;89.340000;88.660000;88.360000,100.000000;99.750000;99.400000;99.400000;99.440000;99.200000;99.160000;99.060000;98.930000;98.730000,1787563070,2,SD-Lora-CL-coordinate/c100_coordinate_stable_seed1993_nccl.log | SD-Lora-CL-coordinate/logs/sa_sdlora/cifar224/0/10/c100_coordinate_stable_seed1993_nccl_1993_vit_base_patch16_224.log
cuda6,SD-Lora-CL-coordinate,SD-Lora-CL-coordinate/c100_coordinate_stable_seed1_nccl.log,/tmp/c100_coordinate_stable_seed1_nccl.ojTPpL.json,cifar224,c100_coordinate_stable_seed1_nccl.ojTPpL,10,86.720000,92.185000,9.211111,97.700000;97.650000;95.300000;92.920000;92.680000;91.870000;90.300000;89.540000;87.170000;86.720000,99.900000;99.700000;99.570000;99.420000;99.340000;99.150000;99.100000;98.960000;98.600000;98.470000,1787575151,2,SD-Lora-CL-coordinate/c100_coordinate_stable_seed1_nccl.log | SD-Lora-CL-coordinate/logs/sa_sdlora/cifar224/0/10/c100_coordinate_stable_seed1_nccl_1_vit_base_patch16_224.log
cuda6,SD-Lora-CL-coordinate,SD-Lora-CL-coordinate/c100_coordinate_stable_seed2_nccl.log,/tmp/c100_coordinate_stable_seed2_nccl.JalUFk.json,cifar224,c100_coordinate_stable_seed2_nccl.JalUFk,10,87.950000,91.952000,6.866667,98.400000;97.350000;93.330000;92.820000;92.440000;91.330000;89.440000;88.560000;87.900000;87.950000,99.900000;99.750000;99.670000;99.650000;99.480000;99.380000;99.200000;98.950000;98.940000;98.800000,1787578872,2,SD-Lora-CL-coordinate/c100_coordinate_stable_seed2_nccl.log | SD-Lora-CL-coordinate/logs/sa_sdlora/cifar224/0/10/c100_coordinate_stable_seed2_nccl_2_vit_base_patch16_224.log
cuda6,SD-Lora-CL-coordinate,SD-Lora-CL-coordinate/c100_coordinate_stable_seed3_nccl.log,/tmp/c100_coordinate_stable_seed3_nccl.8BHs0T.json,cifar224,c100_coordinate_stable_seed3_nccl.8BHs0T,10,87.520000,91.172000,8.200000,98.900000;96.150000;93.000000;91.350000;90.500000;90.050000;88.500000;87.740000;88.010000;87.520000,99.900000;99.850000;99.730000;99.650000;99.580000;99.070000;99.190000;98.950000;98.820000;98.650000,1787582628,2,SD-Lora-CL-coordinate/c100_coordinate_stable_seed3_nccl.log | SD-Lora-CL-coordinate/logs/sa_sdlora/cifar224/0/10/c100_coordinate_stable_seed3_nccl_3_vit_base_patch16_224.log
cuda6,SD-Lora-CL-coordinate,SD-Lora-CL-coordinate/c100_normcap_abl_a0_no_alignment_no_transport_seed1_nccl.log,/tmp/c100_normcap_abl_a0_no_alignment_no_transport_seed1_nccl.Gar0a3.json,cifar224,c100_normcap_abl_a0_no_alignment_no_transport_seed1_nccl.Gar0a3,10,86.530000,91.982000,9.333333,97.600000;97.300000;95.400000;92.850000;92.520000;91.670000;90.130000;89.110000;86.710000;86.530000,99.900000;99.700000;99.670000;99.550000;99.380000;99.070000;98.860000;98.610000;98.380000;98.140000,1787777770,2,SD-Lora-CL-coordinate/c100_normcap_abl_a0_no_alignment_no_transport_seed1_nccl.log | SD-Lora-CL-coordinate/logs/sa_sdlora/cifar224/0/10/c100_normcap_abl_a0_no_alignment_no_transport_seed1_nccl_1_vit_base_patch16_224.log
cuda6,SD-Lora-CL-coordinate,SD-Lora-CL-coordinate/c100_normcap_abl_a0_no_alignment_no_transport_seed2_nccl.log,/tmp/c100_normcap_abl_a0_no_alignment_no_transport_seed2_nccl.7xEwqK.json,cifar224,c100_normcap_abl_a0_no_alignment_no_transport_seed2_nccl.7xEwqK,10,87.420000,91.737000,7.400000,98.500000;97.500000;93.270000;93.020000;92.500000;90.800000;89.010000;87.960000;87.390000;87.420000,99.900000;99.750000;99.670000;99.680000;99.460000;99.370000;99.140000;98.960000;98.780000;98.650000,1787788230,2,SD-Lora-CL-coordinate/c100_normcap_abl_a0_no_alignment_no_transport_seed2_nccl.log | SD-Lora-CL-coordinate/logs/sa_sdlora/cifar224/0/10/c100_normcap_abl_a0_no_alignment_no_transport_seed2_nccl_2_vit_base_patch16_224.log
cuda6,SD-Lora-CL-coordinate,SD-Lora-CL-coordinate/c100_normcap_abl_a0_no_alignment_no_transport_seed3_nccl.log,/tmp/c100_normcap_abl_a0_no_alignment_no_transport_seed3_nccl.D1XJ61.json,cifar224,c100_normcap_abl_a0_no_alignment_no_transport_seed3_nccl.D1XJ61,10,87.050000,90.924000,8.700000,98.900000;96.150000;93.300000;91.580000;90.540000;89.530000;87.690000;87.180000;87.320000;87.050000,99.900000;99.850000;99.730000;99.620000;99.540000;99.050000;98.900000;98.500000;98.630000;98.420000,1787798684,2,SD-Lora-CL-coordinate/c100_normcap_abl_a0_no_alignment_no_transport_seed3_nccl.log | SD-Lora-CL-coordinate/logs/sa_sdlora/cifar224/0/10/c100_normcap_abl_a0_no_alignment_no_transport_seed3_nccl_3_vit_base_patch16_224.log
cuda6,SD-Lora-CL-coordinate,SD-Lora-CL-coordinate/c100_normcap_abl_a1_alignment_only_seed1_nccl.log,/tmp/c100_normcap_abl_a1_alignment_only_seed1_nccl.3BME9x.json,cifar224,c100_normcap_abl_a1_alignment_only_seed1_nccl.3BME9x,10,86.650000,92.018000,9.088889,97.600000;97.350000;95.300000;92.820000;92.520000;91.680000;89.990000;89.260000;87.010000;86.650000,99.900000;99.600000;99.630000;99.500000;99.380000;99.070000;98.870000;98.620000;98.380000;98.140000,1787781148,2,SD-Lora-CL-coordinate/c100_normcap_abl_a1_alignment_only_seed1_nccl.log | SD-Lora-CL-coordinate/logs/sa_sdlora/cifar224/0/10/c100_normcap_abl_a1_alignment_only_seed1_nccl_1_vit_base_patch16_224.log
cuda6,SD-Lora-CL-coordinate,SD-Lora-CL-coordinate/c100_normcap_abl_a1_alignment_only_seed2_nccl.log,/tmp/c100_normcap_abl_a1_alignment_only_seed2_nccl.GSJ5I7.json,cifar224,c100_normcap_abl_a1_alignment_only_seed2_nccl.GSJ5I7,10,87.610000,91.779000,7.055556,98.500000;97.500000;93.230000;92.980000;92.480000;90.900000;89.110000;88.020000;87.460000;87.610000,99.900000;99.750000;99.670000;99.650000;99.480000;99.370000;99.170000;98.920000;98.770000;98.660000,1787791577,2,SD-Lora-CL-coordinate/c100_normcap_abl_a1_alignment_only_seed2_nccl.log | SD-Lora-CL-coordinate/logs/sa_sdlora/cifar224/0/10/c100_normcap_abl_a1_alignment_only_seed2_nccl_2_vit_base_patch16_224.log
cuda6,SD-Lora-CL-coordinate,SD-Lora-CL-coordinate/c100_normcap_abl_a1_alignment_only_seed3_nccl.log,/tmp/c100_normcap_abl_a1_alignment_only_seed3_nccl.QT51s5.json,cifar224,c100_normcap_abl_a1_alignment_only_seed3_nccl.QT51s5,10,87.140000,90.924000,8.400000,98.900000;96.100000;93.270000;91.600000;90.560000;89.380000;87.760000;87.160000;87.370000;87.140000,99.900000;99.850000;99.730000;99.600000;99.560000;99.030000;98.900000;98.590000;98.620000;98.320000,1787802052,2,SD-Lora-CL-coordinate/c100_normcap_abl_a1_alignment_only_seed3_nccl.log | SD-Lora-CL-coordinate/logs/sa_sdlora/cifar224/0/10/c100_normcap_abl_a1_alignment_only_seed3_nccl_3_vit_base_patch16_224.log
cuda6,SD-Lora-CL-coordinate,SD-Lora-CL-coordinate/c100_normcap_abl_a2_transport_only_seed1_nccl.log,/tmp/c100_normcap_abl_a2_transport_only_seed1_nccl.t8jdtI.json,cifar224,c100_normcap_abl_a2_transport_only_seed1_nccl.t8jdtI,10,87.030000,92.231000,8.633333,97.600000;97.300000;95.330000;92.900000;92.580000;91.970000;90.530000;89.680000;87.390000;87.030000,99.900000;99.700000;99.670000;99.550000;99.340000;99.100000;99.000000;98.950000;98.570000;98.410000,1787784864,2,SD-Lora-CL-coordinate/c100_normcap_abl_a2_transport_only_seed1_nccl.log | SD-Lora-CL-coordinate/logs/sa_sdlora/cifar224/0/10/c100_normcap_abl_a2_transport_only_seed1_nccl_1_vit_base_patch16_224.log
cuda6,SD-Lora-CL-coordinate,SD-Lora-CL-coordinate/c100_normcap_abl_a2_transport_only_seed2_nccl.log,/tmp/c100_normcap_abl_a2_transport_only_seed2_nccl.Jkl41F.json,cifar224,c100_normcap_abl_a2_transport_only_seed2_nccl.Jkl41F,10,88.040000,92.037000,6.388889,98.500000;97.500000;93.270000;93.020000;92.500000;91.420000;89.800000;88.490000;87.830000;88.040000,99.900000;99.750000;99.670000;99.680000;99.460000;99.380000;99.140000;99.020000;98.790000;98.780000,1787795309,2,SD-Lora-CL-coordinate/c100_normcap_abl_a2_transport_only_seed2_nccl.log | SD-Lora-CL-coordinate/logs/sa_sdlora/cifar224/0/10/c100_normcap_abl_a2_transport_only_seed2_nccl_2_vit_base_patch16_224.log
cuda6,SD-Lora-CL-coordinate,SD-Lora-CL-coordinate/c100_normcap_abl_a2_transport_only_seed3_nccl.log,/tmp/c100_normcap_abl_a2_transport_only_seed3_nccl.1P5AQk.json,cifar224,c100_normcap_abl_a2_transport_only_seed3_nccl.1P5AQk,10,87.570000,91.338000,7.933333,98.900000;96.150000;93.300000;91.580000;90.520000;90.400000;88.690000;88.190000;88.080000;87.570000,99.900000;99.850000;99.730000;99.620000;99.540000;99.130000;99.140000;98.910000;98.890000;98.560000,1787805784,2,SD-Lora-CL-coordinate/c100_normcap_abl_a2_transport_only_seed3_nccl.log | SD-Lora-CL-coordinate/logs/sa_sdlora/cifar224/0/10/c100_normcap_abl_a2_transport_only_seed3_nccl_3_vit_base_patch16_224.log
cuda6,SD-Lora-CL-coordinate,SD-Lora-CL-coordinate/c100_normcap_strength_025_seed1_nccl.log,/tmp/c100_normcap_strength_025_seed1_nccl.Ryi3JG.json,cifar224,c100_normcap_strength_025_seed1_nccl.Ryi3JG,10,86.300000,92.113000,10.155556,98.800000;97.650000;94.900000;93.200000;92.360000;91.780000;90.290000;89.320000;86.530000;86.300000,99.900000;99.700000;99.670000;99.550000;99.360000;99.180000;99.030000;98.900000;98.380000;98.110000,1787924041,2,SD-Lora-CL-coordinate/c100_normcap_strength_025_seed1_nccl.log | SD-Lora-CL-coordinate/logs/sa_sdlora/cifar224/0/10/c100_normcap_strength_025_seed1_nccl_1_vit_base_patch16_224.log
cuda6,SD-Lora-CL-coordinate,SD-Lora-CL-coordinate/c100_normcap_strength_05_seed1_nccl.log,/tmp/c100_normcap_strength_05_seed1_nccl.SlaMbi.json,cifar224,c100_normcap_strength_05_seed1_nccl.SlaMbi,10,86.560000,92.230000,9.611111,98.500000;97.750000;95.070000;93.200000;92.480000;91.820000;90.430000;89.400000;87.090000;86.560000,99.900000;99.750000;99.670000;99.550000;99.360000;99.130000;99.030000;98.790000;98.370000;98.100000,1787927758,2,SD-Lora-CL-coordinate/c100_normcap_strength_05_seed1_nccl.log | SD-Lora-CL-coordinate/logs/sa_sdlora/cifar224/0/10/c100_normcap_strength_05_seed1_nccl_1_vit_base_patch16_224.log
cuda6,SD-Lora-CL-coordinate,SD-Lora-CL-coordinate/coordinate_stable_normcap_smoke.log,/tmp/coordinate_stable_normcap_smoke.json,cifar224,coordinate_stable_normcap_smoke,2,87.510000,89.295000,3.680000,91.080000;87.510000,98.840000;98.450000,1787716030,2,SD-Lora-CL-coordinate/coordinate_stable_normcap_smoke.log | SD-Lora-CL-coordinate/logs/sa_sdlora/cifar224/0/50/coordinate_stable_normcap_smoke_4242_vit_base_patch16_224.log
cuda6,SD-Lora-CL-coordinate,SD-Lora-CL-coordinate/cub_abl_coordinate_only_seed1_nccl.log,/tmp/cub_abl_coordinate_only_seed1_nccl.UTMhIo.json,cub,cub_abl_coordinate_only_seed1_nccl.UTMhIo,10,78.220000,85.833000,15.691111,97.740000;88.000000;88.110000;86.210000;84.840000;86.100000;83.480000;82.490000;83.140000;78.220000,100.000000;99.570000;99.370000;99.220000;98.830000;98.270000;98.090000;97.980000;97.630000;96.700000,1787643644,2,SD-Lora-CL-coordinate/cub_abl_coordinate_only_seed1_nccl.log | SD-Lora-CL-coordinate/logs/sa_sdlora/cub/0/20/cub_abl_coordinate_only_seed1_nccl_1_vit_base_patch16_224.log
cuda6,SD-Lora-CL-coordinate,SD-Lora-CL-coordinate/cub_abl_coordinate_only_seed2_nccl.log,/tmp/cub_abl_coordinate_only_seed2_nccl.WIwXxq.json,cub,cub_abl_coordinate_only_seed2_nccl.WIwXxq,10,71.970000,83.334000,17.018889,97.100000;91.270000;89.240000;85.250000;82.840000;82.900000;79.160000;76.990000;76.620000;71.970000,99.830000;99.650000;99.530000;98.710000;98.140000;97.560000;97.130000;96.500000;96.500000;95.600000,1787659207,2,SD-Lora-CL-coordinate/cub_abl_coordinate_only_seed2_nccl.log | SD-Lora-CL-coordinate/logs/sa_sdlora/cub/0/20/cub_abl_coordinate_only_seed2_nccl_2_vit_base_patch16_224.log
cuda6,SD-Lora-CL-coordinate,SD-Lora-CL-coordinate/cub_abl_coordinate_only_seed3_nccl.log,/tmp/cub_abl_coordinate_only_seed3_nccl.2kviiu.json,cub,cub_abl_coordinate_only_seed3_nccl.2kviiu,10,75.910000,83.978000,17.324444,97.940000;91.970000;89.140000;83.770000;81.440000;80.570000;80.670000;79.920000;78.450000;75.910000,99.830000;99.300000;98.950000;98.690000;98.300000;97.980000;97.770000;97.350000;96.890000;96.510000,1787662549,2,SD-Lora-CL-coordinate/cub_abl_coordinate_only_seed3_nccl.log | SD-Lora-CL-coordinate/logs/sa_sdlora/cub/0/20/cub_abl_coordinate_only_seed3_nccl_3_vit_base_patch16_224.log
cuda6,SD-Lora-CL-coordinate,SD-Lora-CL-coordinate/cub_abl_freeze_a_seed1_nccl.log,/tmp/cub_abl_freeze_a_seed1_nccl.hCGwKR.json,cub,cub_abl_freeze_a_seed1_nccl.hCGwKR,10,84.350000,87.779000,7.891111,97.740000;87.740000;87.140000;85.700000;84.800000;88.920000;87.800000;87.450000;86.150000;84.350000,100.000000;99.480000;99.310000;99.220000;98.860000;98.380000;98.260000;98.110000;97.610000;97.290000,1787994923,2,SD-Lora-CL-coordinate/cub_abl_freeze_a_seed1_nccl.log | SD-Lora-CL-coordinate/logs/sa_sdlora/cub/0/20/cub_abl_freeze_a_seed1_nccl_1_vit_base_patch16_224.log
cuda6,SD-Lora-CL-coordinate,SD-Lora-CL-coordinate/cub_abl_freeze_a_seed2_nccl.log,/tmp/cub_abl_freeze_a_seed2_nccl.hpIua6.json,cub,cub_abl_freeze_a_seed2_nccl.hpIua6,10,83.710000,87.124000,5.283333,97.100000;90.670000;88.200000;84.380000;81.840000;87.580000;87.020000;85.710000;85.030000;83.710000,99.830000;99.570000;99.480000;98.840000;98.380000;97.790000;97.670000;97.440000;97.420000;97.320000,1787996631,2,SD-Lora-CL-coordinate/cub_abl_freeze_a_seed2_nccl.log | SD-Lora-CL-coordinate/logs/sa_sdlora/cub/0/20/cub_abl_freeze_a_seed2_nccl_2_vit_base_patch16_224.log
cuda6,SD-Lora-CL-coordinate,SD-Lora-CL-coordinate/cub_abl_freeze_a_seed3_nccl.log,/tmp/cub_abl_freeze_a_seed3_nccl.sbzMMe.json,cub,cub_abl_freeze_a_seed3_nccl.sbzMMe,10,84.070000,87.371000,6.214444,97.940000;92.060000;89.020000;84.650000;83.700000;86.820000;85.870000;85.080000;84.500000;84.070000,99.830000;99.390000;98.890000;98.780000;98.510000;98.180000;97.820000;97.460000;97.540000;97.380000,1787998297,2,SD-Lora-CL-coordinate/cub_abl_freeze_a_seed3_nccl.log | SD-Lora-CL-coordinate/logs/sa_sdlora/cub/0/20/cub_abl_freeze_a_seed3_nccl_3_vit_base_patch16_224.log
cuda6,SD-Lora-CL-coordinate,SD-Lora-CL-coordinate/cub_abl_rank1_seed1_nccl.log,/tmp/cub_abl_rank1_seed1_nccl.tdccvG.json,cub,cub_abl_rank1_seed1_nccl.tdccvG,10,81.450000,87.014000,12.432222,97.570000;86.790000;89.030000;88.720000;88.420000;85.900000;84.430000;84.720000;83.110000;81.450000,100.000000;99.480000;99.430000;99.180000;98.590000;98.150000;97.960000;98.010000;97.310000;97.050000,1788008949,2,SD-Lora-CL-coordinate/cub_abl_rank1_seed1_nccl.log | SD-Lora-CL-coordinate/logs/sdlora_dual_b/cub/0/20/cub_abl_rank1_seed1_nccl_1_vit_base_patch16_224.log
cuda6,SD-Lora-CL-coordinate,SD-Lora-CL-coordinate/cub_abl_shared_a_bank_dual_b_seed1_nccl.log,/tmp/cub_abl_shared_a_bank_dual_b_seed1_nccl.butczi.json,cub,cub_abl_shared_a_bank_dual_b_seed1_nccl.butczi,10,78.240000,85.880000,15.736667,97.910000;88.260000;87.710000;85.830000;84.670000;86.010000;83.610000;83.070000;83.490000;78.240000,100.000000;99.480000;99.370000;99.180000;98.790000;98.130000;98.310000;98.330000;97.810000;96.880000,1788050917,2,SD-Lora-CL-coordinate/cub_abl_shared_a_bank_dual_b_seed1_nccl.log | SD-Lora-CL-coordinate/logs/sa_sdlora/cub/0/20/cub_abl_shared_a_bank_dual_b_seed1_nccl_1_vit_base_patch16_224.log
cuda6,SD-Lora-CL-coordinate,SD-Lora-CL-coordinate/cub_abl_shared_a_bank_dual_b_seed2_nccl.log,/tmp/cub_abl_shared_a_bank_dual_b_seed2_nccl.uZ9KmK.json,cub,cub_abl_shared_a_bank_dual_b_seed2_nccl.uZ9KmK,10,73.420000,83.587000,14.947778,97.100000;91.530000;89.070000;84.340000;83.050000;82.410000;79.450000;78.110000;77.390000;73.420000,99.830000;99.570000;99.360000;98.580000;98.210000;97.450000;97.090000;96.690000;96.910000;96.050000,1788052919,2,SD-Lora-CL-coordinate/cub_abl_shared_a_bank_dual_b_seed2_nccl.log | SD-Lora-CL-coordinate/logs/sa_sdlora/cub/0/20/cub_abl_shared_a_bank_dual_b_seed2_nccl_2_vit_base_patch16_224.log
cuda6,SD-Lora-CL-coordinate,SD-Lora-CL-coordinate/cub_abl_shared_a_bank_dual_b_seed3_nccl.log,/tmp/cub_abl_shared_a_bank_dual_b_seed3_nccl.e2WXjb.json,cub,cub_abl_shared_a_bank_dual_b_seed3_nccl.e2WXjb,10,76.990000,84.331000,16.173333,98.110000;92.150000;90.010000;83.030000;80.220000;82.020000;81.840000;80.630000;78.310000;76.990000,99.830000;99.390000;99.010000;98.640000;98.020000;97.980000;98.050000;97.410000;97.100000;96.890000,1788054950,2,SD-Lora-CL-coordinate/cub_abl_shared_a_bank_dual_b_seed3_nccl.log | SD-Lora-CL-coordinate/logs/sa_sdlora/cub/0/20/cub_abl_shared_a_bank_dual_b_seed3_nccl_3_vit_base_patch16_224.log
cuda6,SD-Lora-CL-coordinate,SD-Lora-CL-coordinate/cub_abl_transport_always_on_seed1_nccl.log,/tmp/cub_abl_transport_always_on_seed1_nccl.pFKVLY.json,cub,cub_abl_transport_always_on_seed1_nccl.pFKVLY,10,83.070000,87.570000,10.112222,97.740000;87.740000;87.660000;86.260000;84.840000;88.430000;87.510000;86.820000;85.630000;83.070000,100.000000;99.570000;99.310000;99.220000;98.690000;98.360000;98.260000;98.220000;97.810000;97.600000,1788007034,2,SD-Lora-CL-coordinate/cub_abl_transport_always_on_seed1_nccl.log | SD-Lora-CL-coordinate/logs/sa_sdlora/cub/0/20/cub_abl_transport_always_on_seed1_nccl_1_vit_base_patch16_224.log
cuda6,SD-Lora-CL-coordinate,SD-Lora-CL-coordinate/cub_abl_transport_only_seed1_nccl.log,/tmp/cub_abl_transport_only_seed1_nccl.lD2b2Z.json,cub,cub_abl_transport_only_seed1_nccl.lD2b2Z,10,81.760000,87.438000,11.573333,97.910000;88.170000;87.710000;86.000000;85.220000;88.400000;86.810000;86.870000;85.530000;81.760000,100.000000;99.480000;99.370000;99.140000;98.790000;98.500000;98.390000;98.160000;97.830000;97.580000,1787657574,2,SD-Lora-CL-coordinate/cub_abl_transport_only_seed1_nccl.log | SD-Lora-CL-coordinate/logs/sa_sdlora/cub/0/20/cub_abl_transport_only_seed1_nccl_1_vit_base_patch16_224.log
cuda6,SD-Lora-CL-coordinate,SD-Lora-CL-coordinate/cub_abl_transport_only_seed2_nccl.log,/tmp/cub_abl_transport_only_seed2_nccl.nUSOZ7.json,cub,cub_abl_transport_only_seed2_nccl.nUSOZ7,10,78.360000,85.582000,11.206667,97.100000;91.530000;89.480000;84.690000;82.980000;85.620000;83.030000;82.280000;80.750000;78.360000,99.830000;99.570000;99.300000;98.530000;98.270000;98.020000;97.770000;97.550000;97.380000;97.010000,1787660926,2,SD-Lora-CL-coordinate/cub_abl_transport_only_seed2_nccl.log | SD-Lora-CL-coordinate/logs/sa_sdlora/cub/0/20/cub_abl_transport_only_seed2_nccl_2_vit_base_patch16_224.log
cuda6,SD-Lora-CL-coordinate,SD-Lora-CL-coordinate/cub_abl_transport_only_seed3_nccl.log,/tmp/cub_abl_transport_only_seed3_nccl.9Rbof8.json,cub,cub_abl_transport_only_seed3_nccl.9Rbof8,10,80.530000,86.014000,12.231111,98.110000;92.060000;90.420000;83.380000;80.740000;85.260000;84.040000;83.670000;81.930000;80.530000,99.830000;99.390000;99.010000;98.640000;97.980000;98.270000;98.190000;97.840000;97.730000;97.480000,1787664255,2,SD-Lora-CL-coordinate/cub_abl_transport_only_seed3_nccl.log | SD-Lora-CL-coordinate/logs/sa_sdlora/cub/0/20/cub_abl_transport_only_seed3_nccl_3_vit_base_patch16_224.log
cuda6,SD-Lora-CL-coordinate,SD-Lora-CL-coordinate/cub_aggregation_bounded_norm_calibrated_seed1_nccl.log,/tmp/cub_aggregation_bounded_norm_calibrated_seed1_nccl.cFjSCB.json,cub,cub_aggregation_bounded_norm_calibrated_seed1_nccl.cFjSCB,10,83.070000,87.570000,10.112222,97.740000;87.740000;87.660000;86.260000;84.840000;88.430000;87.510000;86.820000;85.630000;83.070000,100.000000;99.570000;99.310000;99.220000;98.690000;98.360000;98.260000;98.220000;97.810000;97.600000,1787909034,2,SD-Lora-CL-coordinate/cub_aggregation_bounded_norm_calibrated_seed1_nccl.log | SD-Lora-CL-coordinate/logs/sa_sdlora/cub/0/20/cub_aggregation_bounded_norm_calibrated_seed1_nccl_1_vit_base_patch16_224.log
cuda6,SD-Lora-CL-coordinate,SD-Lora-CL-coordinate/cub_aggregation_normalized_seed1_nccl.log,/tmp/cub_aggregation_normalized_seed1_nccl.fg8Lou.json,cub,cub_aggregation_normalized_seed1_nccl.fg8Lou,10,81.900000,87.392000,11.450000,97.910000;88.170000;87.600000;85.830000;85.010000;88.200000;86.760000;86.910000;85.630000;81.900000,100.000000;99.480000;99.370000;99.220000;98.830000;98.470000;98.340000;98.180000;97.830000;97.510000,1787905641,2,SD-Lora-CL-coordinate/cub_aggregation_normalized_seed1_nccl.log | SD-Lora-CL-coordinate/logs/sa_sdlora/cub/0/20/cub_aggregation_normalized_seed1_nccl_1_vit_base_patch16_224.log
cuda6,SD-Lora-CL-coordinate,SD-Lora-CL-coordinate/cub_aggregation_operator_preserving_seed1_nccl.log,/tmp/cub_aggregation_operator_preserving_seed1_nccl.gzgDmF.json,cub,cub_aggregation_operator_preserving_seed1_nccl.gzgDmF,10,83.090000,87.570000,10.094444,97.740000;87.740000;87.660000;86.260000;84.840000;88.430000;87.510000;86.820000;85.610000;83.090000,100.000000;99.570000;99.310000;99.220000;98.690000;98.360000;98.260000;98.220000;97.810000;97.600000,1787907347,2,SD-Lora-CL-coordinate/cub_aggregation_operator_preserving_seed1_nccl.log | SD-Lora-CL-coordinate/logs/sa_sdlora/cub/0/20/cub_aggregation_operator_preserving_seed1_nccl_1_vit_base_patch16_224.log
cuda6,SD-Lora-CL-coordinate,SD-Lora-CL-coordinate/cub_coordinate_stable_normcap_seed1_nccl.log,/tmp/cub_coordinate_stable_normcap_seed1_nccl.PLWGKD.json,cub,cub_coordinate_stable_normcap_seed1_nccl.PLWGKD,10,83.070000,87.570000,10.112222,97.740000;87.740000;87.660000;86.260000;84.840000;88.430000;87.510000;86.820000;85.630000;83.070000,100.000000;99.570000;99.310000;99.220000;98.690000;98.360000;98.260000;98.220000;97.810000;97.600000,1787738908,2,SD-Lora-CL-coordinate/cub_coordinate_stable_normcap_seed1_nccl.log | SD-Lora-CL-coordinate/logs/sa_sdlora/cub/0/20/cub_coordinate_stable_normcap_seed1_nccl_1_vit_base_patch16_224.log
cuda6,SD-Lora-CL-coordinate,SD-Lora-CL-coordinate/cub_coordinate_stable_normcap_seed2_nccl.log,/tmp/cub_coordinate_stable_normcap_seed2_nccl.PXf0t0.json,cub,cub_coordinate_stable_normcap_seed2_nccl.PXf0t0,10,79.190000,85.998000,10.292222,97.100000;90.750000;88.900000;84.510000;82.950000;87.030000;84.820000;83.500000;81.230000;79.190000,99.830000;99.570000;99.420000;98.790000;98.310000;97.910000;97.840000;97.530000;97.500000;97.050000,1787740597,2,SD-Lora-CL-coordinate/cub_coordinate_stable_normcap_seed2_nccl.log | SD-Lora-CL-coordinate/logs/sa_sdlora/cub/0/20/cub_coordinate_stable_normcap_seed2_nccl_2_vit_base_patch16_224.log
cuda6,SD-Lora-CL-coordinate,SD-Lora-CL-coordinate/cub_coordinate_stable_normcap_seed3_nccl.log,/tmp/cub_coordinate_stable_normcap_seed3_nccl.S8Zg7X.json,cub,cub_coordinate_stable_normcap_seed3_nccl.S8Zg7X,10,82.030000,86.689000,9.763333,97.940000;92.150000;89.780000;84.860000;82.170000;85.490000;84.730000;84.490000;83.250000;82.030000,99.830000;99.390000;98.890000;98.780000;98.400000;98.210000;97.950000;97.690000;97.750000;97.570000,1787742308,2,SD-Lora-CL-coordinate/cub_coordinate_stable_normcap_seed3_nccl.log | SD-Lora-CL-coordinate/logs/sa_sdlora/cub/0/20/cub_coordinate_stable_normcap_seed3_nccl_3_vit_base_patch16_224.log
cuda6,SD-Lora-CL-coordinate,SD-Lora-CL-coordinate/cub_coordinate_stable_normcap_seed4_nccl.log,/tmp/cub_coordinate_stable_normcap_seed4_nccl.ETwTyY.json,cub,cub_coordinate_stable_normcap_seed4_nccl.ETwTyY,10,81.190000,87.481000,8.317778,98.980000;94.180000;88.750000;85.400000;84.250000;88.340000;86.700000;84.070000;82.950000;81.190000,100.000000;99.910000;99.710000;99.440000;98.850000;98.400000;98.340000;98.180000;97.930000;97.500000,1787768937,2,SD-Lora-CL-coordinate/cub_coordinate_stable_normcap_seed4_nccl.log | SD-Lora-CL-coordinate/logs/sa_sdlora/cub/0/20/cub_coordinate_stable_normcap_seed4_nccl_4_vit_base_patch16_224.log
cuda6,SD-Lora-CL-coordinate,SD-Lora-CL-coordinate/cub_coordinate_stable_normcap_seed5_nccl.log,/tmp/cub_coordinate_stable_normcap_seed5_nccl.pPWc7r.json,cub,cub_coordinate_stable_normcap_seed5_nccl.pPWc7r,10,82.430000,86.725000,9.577778,95.490000;93.510000;87.500000;83.990000;82.420000;86.520000;85.990000;85.220000;84.180000;82.430000,99.480000;99.130000;98.740000;98.410000;98.200000;98.030000;97.890000;97.740000;97.680000;97.380000,1787772470,2,SD-Lora-CL-coordinate/cub_coordinate_stable_normcap_seed5_nccl.log | SD-Lora-CL-coordinate/logs/sa_sdlora/cub/0/20/cub_coordinate_stable_normcap_seed5_nccl_5_vit_base_patch16_224.log
cuda6,SD-Lora-CL-coordinate,SD-Lora-CL-coordinate/cub_coordinate_stable_opabsorb_seed1_nccl.log,./exps/cub_coordinate_stable_opabsorb_seed1_nccl.json,cub,cub_coordinate_stable_opabsorb_seed1_nccl,10,82.930000,87.605000,10.312222,97.740000;87.740000;87.430000;86.430000;84.980000;88.490000;87.580000;86.950000;85.780000;82.930000,100.000000;99.570000;99.370000;99.220000;98.690000;98.360000;98.290000;98.180000;97.880000;97.640000,1787675581,2,SD-Lora-CL-coordinate/cub_coordinate_stable_opabsorb_seed1_nccl.log | SD-Lora-CL-coordinate/logs/sa_sdlora/cub/0/20/cub_coordinate_stable_opabsorb_seed1_nccl_1_vit_base_patch16_224.log
cuda6,SD-Lora-CL-coordinate,SD-Lora-CL-coordinate/cub_coordinate_stable_opabsorb_seed2_nccl.log,/tmp/cub_coordinate_stable_opabsorb_seed2_nccl.o5UPmr.json,cub,cub_coordinate_stable_opabsorb_seed2_nccl.o5UPmr,10,79.060000,85.971000,10.403333,97.100000;90.670000;88.780000;84.510000;82.840000;87.060000;84.820000;83.570000;81.300000;79.060000,99.830000;99.570000;99.420000;98.840000;98.270000;97.910000;97.870000;97.530000;97.420000;97.000000,1787698418,2,SD-Lora-CL-coordinate/cub_coordinate_stable_opabsorb_seed2_nccl.log | SD-Lora-CL-coordinate/logs/sa_sdlora/cub/0/20/cub_coordinate_stable_opabsorb_seed2_nccl_2_vit_base_patch16_224.log
cuda6,SD-Lora-CL-coordinate,SD-Lora-CL-coordinate/cub_coordinate_stable_opabsorb_seed3_nccl.log,/tmp/cub_coordinate_stable_opabsorb_seed3_nccl.oLTPZu.json,cub,cub_coordinate_stable_opabsorb_seed3_nccl.oLTPZu,10,82.050000,86.727000,9.743333,97.940000;92.150000;89.780000;84.860000;82.410000;85.490000;84.760000;84.560000;83.270000;82.050000,99.830000;99.390000;98.890000;98.780000;98.400000;98.210000;97.900000;97.710000;97.730000;97.570000,1787700107,2,SD-Lora-CL-coordinate/cub_coordinate_stable_opabsorb_seed3_nccl.log | SD-Lora-CL-coordinate/logs/sa_sdlora/cub/0/20/cub_coordinate_stable_opabsorb_seed3_nccl_3_vit_base_patch16_224.log
cuda6,SD-Lora-CL-coordinate,SD-Lora-CL-coordinate/cub_coordinate_stable_seed1_nccl.log,/tmp/cub_coordinate_stable_seed1_nccl.OjTJ2n.json,cub,cub_coordinate_stable_seed1_nccl.OjTJ2n,10,81.770000,87.304000,11.566667,97.910000;88.170000;87.830000;85.650000;84.670000;88.380000;86.690000;86.610000;85.360000;81.770000,100.000000;99.480000;99.370000;99.180000;98.760000;98.410000;98.410000;98.220000;97.860000;97.720000,1787594301,2,SD-Lora-CL-coordinate/cub_coordinate_stable_seed1_nccl.log | SD-Lora-CL-coordinate/logs/sa_sdlora/cub/0/20/cub_coordinate_stable_seed1_nccl_1_vit_base_patch16_224.log
cuda6,SD-Lora-CL-coordinate,SD-Lora-CL-coordinate/cub_coordinate_stable_seed2_nccl.log,/tmp/cub_coordinate_stable_seed2_nccl.Ke8vx2.json,cub,cub_coordinate_stable_seed2_nccl.Ke8vx2,10,78.550000,85.594000,11.388889,97.100000;91.530000;89.420000;84.510000;82.780000;85.570000;83.320000;82.430000;80.730000;78.550000,99.830000;99.570000;99.360000;98.530000;98.270000;98.130000;97.840000;97.550000;97.400000;97.010000,1787596018,2,SD-Lora-CL-coordinate/cub_coordinate_stable_seed2_nccl.log | SD-Lora-CL-coordinate/logs/sa_sdlora/cub/0/20/cub_coordinate_stable_seed2_nccl_2_vit_base_patch16_224.log
cuda6,SD-Lora-CL-coordinate,SD-Lora-CL-coordinate/cub_coordinate_stable_seed3_nccl.log,/tmp/cub_coordinate_stable_seed3_nccl.bPYy2i.json,cub,cub_coordinate_stable_seed3_nccl.bPYy2i,10,80.860000,86.024000,11.552222,98.110000;92.060000;90.250000;83.510000;80.400000;85.260000;84.140000;83.570000;82.080000;80.860000,99.830000;99.390000;99.010000;98.730000;98.160000;98.290000;98.190000;97.860000;97.650000;97.550000,1787597742,2,SD-Lora-CL-coordinate/cub_coordinate_stable_seed3_nccl.log | SD-Lora-CL-coordinate/logs/sa_sdlora/cub/0/20/cub_coordinate_stable_seed3_nccl_3_vit_base_patch16_224.log
cuda6,SD-Lora-CL-coordinate,SD-Lora-CL-coordinate/cub_coordinate_stable_sgd_seed1_nccl.log,/tmp/cub_coordinate_stable_sgd_seed1_nccl.fp8mCr.json,cub,cub_coordinate_stable_sgd_seed1_nccl.fp8mCr,10,81.770000,87.304000,11.566667,97.910000;88.170000;87.830000;85.650000;84.670000;88.380000;86.690000;86.610000;85.360000;81.770000,100.000000;99.480000;99.370000;99.180000;98.760000;98.410000;98.410000;98.220000;97.860000;97.720000,1787624357,2,SD-Lora-CL-coordinate/cub_coordinate_stable_sgd_seed1_nccl.log | SD-Lora-CL-coordinate/logs/sa_sdlora/cub/0/20/cub_coordinate_stable_sgd_seed1_nccl_1_vit_base_patch16_224.log
cuda6,SD-Lora-CL-coordinate,SD-Lora-CL-coordinate/cub_coordinate_stable_sgd_seed2_nccl.log,/tmp/cub_coordinate_stable_sgd_seed2_nccl.6VqbFZ.json,cub,cub_coordinate_stable_sgd_seed2_nccl.6VqbFZ,10,78.550000,85.594000,11.388889,97.100000;91.530000;89.420000;84.510000;82.780000;85.570000;83.320000;82.430000;80.730000;78.550000,99.830000;99.570000;99.360000;98.530000;98.270000;98.130000;97.840000;97.550000;97.400000;97.010000,1787626082,2,SD-Lora-CL-coordinate/cub_coordinate_stable_sgd_seed2_nccl.log | SD-Lora-CL-coordinate/logs/sa_sdlora/cub/0/20/cub_coordinate_stable_sgd_seed2_nccl_2_vit_base_patch16_224.log
cuda6,SD-Lora-CL-coordinate,SD-Lora-CL-coordinate/cub_coordinate_stable_sgd_seed3_nccl.log,/tmp/cub_coordinate_stable_sgd_seed3_nccl.gZSii1.json,cub,cub_coordinate_stable_sgd_seed3_nccl.gZSii1,10,80.860000,86.024000,11.552222,98.110000;92.060000;90.250000;83.510000;80.400000;85.260000;84.140000;83.570000;82.080000;80.860000,99.830000;99.390000;99.010000;98.730000;98.160000;98.290000;98.190000;97.860000;97.650000;97.550000,1787627784,2,SD-Lora-CL-coordinate/cub_coordinate_stable_sgd_seed3_nccl.log | SD-Lora-CL-coordinate/logs/sa_sdlora/cub/0/20/cub_coordinate_stable_sgd_seed3_nccl_3_vit_base_patch16_224.log
cuda6,SD-Lora-CL-coordinate,SD-Lora-CL-coordinate/cub_normcap_abl_a0_no_alignment_no_transport_seed1_nccl.log,/tmp/cub_normcap_abl_a0_no_alignment_no_transport_seed1_nccl.F4epnP.json,cub,cub_normcap_abl_a0_no_alignment_no_transport_seed1_nccl.F4epnP,10,77.650000,86.291000,15.798889,97.740000;87.740000;87.660000;86.340000;84.940000;87.400000;85.570000;84.090000;83.780000;77.650000,100.000000;99.570000;99.370000;99.220000;98.730000;98.300000;98.040000;98.050000;97.810000;97.220000,1787835077,2,SD-Lora-CL-coordinate/cub_normcap_abl_a0_no_alignment_no_transport_seed1_nccl.log | SD-Lora-CL-coordinate/logs/sa_sdlora/cub/0/20/cub_normcap_abl_a0_no_alignment_no_transport_seed1_nccl_1_vit_base_patch16_224.log
cuda6,SD-Lora-CL-coordinate,SD-Lora-CL-coordinate/cub_normcap_abl_a0_no_alignment_no_transport_seed2_nccl.log,/tmp/cub_normcap_abl_a0_no_alignment_no_transport_seed2_nccl.TFnCSB.json,cub,cub_normcap_abl_a0_no_alignment_no_transport_seed2_nccl.TFnCSB,10,71.540000,83.562000,17.018889,97.100000;90.750000;88.780000;84.560000;82.840000;84.390000;81.410000;78.430000;75.820000;71.540000,99.830000;99.570000;99.420000;98.840000;98.310000;97.760000;97.580000;96.840000;96.620000;95.340000,1787840071,2,SD-Lora-CL-coordinate/cub_normcap_abl_a0_no_alignment_no_transport_seed2_nccl.log | SD-Lora-CL-coordinate/logs/sa_sdlora/cub/0/20/cub_normcap_abl_a0_no_alignment_no_transport_seed2_nccl_2_vit_base_patch16_224.log
cuda6,SD-Lora-CL-coordinate,SD-Lora-CL-coordinate/cub_normcap_abl_a0_no_alignment_no_transport_seed3_nccl.log,/tmp/cub_normcap_abl_a0_no_alignment_no_transport_seed3_nccl.54ZWEb.json,cub,cub_normcap_abl_a0_no_alignment_no_transport_seed3_nccl.54ZWEb,10,77.420000,85.140000,15.334444,97.940000;92.150000;89.840000;84.860000;82.170000;82.770000;82.310000;82.360000;79.580000;77.420000,99.830000;99.390000;98.890000;98.820000;98.400000;98.030000;97.820000;97.710000;97.270000;96.760000,1787845062,2,SD-Lora-CL-coordinate/cub_normcap_abl_a0_no_alignment_no_transport_seed3_nccl.log | SD-Lora-CL-coordinate/logs/sa_sdlora/cub/0/20/cub_normcap_abl_a0_no_alignment_no_transport_seed3_nccl_3_vit_base_patch16_224.log
cuda6,SD-Lora-CL-coordinate,SD-Lora-CL-coordinate/cub_normcap_abl_a1_alignment_only_seed1_nccl.log,/tmp/cub_normcap_abl_a1_alignment_only_seed1_nccl.Ew88ry.json,cub,cub_normcap_abl_a1_alignment_only_seed1_nccl.Ew88ry,10,77.960000,86.293000,15.353333,97.740000;87.740000;87.660000;86.260000;84.770000;87.310000;85.570000;84.160000;83.760000;77.960000,100.000000;99.570000;99.310000;99.220000;98.690000;98.300000;98.110000;98.050000;97.810000;97.260000,1787836735,2,SD-Lora-CL-coordinate/cub_normcap_abl_a1_alignment_only_seed1_nccl.log | SD-Lora-CL-coordinate/logs/sa_sdlora/cub/0/20/cub_normcap_abl_a1_alignment_only_seed1_nccl_1_vit_base_patch16_224.log
cuda6,SD-Lora-CL-coordinate,SD-Lora-CL-coordinate/cub_normcap_abl_a1_alignment_only_seed2_nccl.log,/tmp/cub_normcap_abl_a1_alignment_only_seed2_nccl.tBoDKE.json,cub,cub_normcap_abl_a1_alignment_only_seed2_nccl.tBoDKE,10,71.900000,83.654000,16.614444,97.100000;90.750000;88.900000;84.470000;82.980000;84.560000;81.610000;78.350000;75.920000;71.900000,99.830000;99.570000;99.420000;98.750000;98.240000;97.790000;97.530000;96.820000;96.620000;95.500000,1787841714,2,SD-Lora-CL-coordinate/cub_normcap_abl_a1_alignment_only_seed2_nccl.log | SD-Lora-CL-coordinate/logs/sa_sdlora/cub/0/20/cub_normcap_abl_a1_alignment_only_seed2_nccl_2_vit_base_patch16_224.log
cuda6,SD-Lora-CL-coordinate,SD-Lora-CL-coordinate/cub_normcap_abl_a1_alignment_only_seed3_nccl.log,/tmp/cub_normcap_abl_a1_alignment_only_seed3_nccl.o52LpW.json,cub,cub_normcap_abl_a1_alignment_only_seed3_nccl.o52LpW,10,77.600000,85.166000,15.296667,97.940000;92.150000;89.780000;84.860000;82.200000;82.910000;82.380000;82.320000;79.520000;77.600000,99.830000;99.390000;98.890000;98.780000;98.370000;98.010000;97.770000;97.780000;97.310000;96.840000,1787846674,2,SD-Lora-CL-coordinate/cub_normcap_abl_a1_alignment_only_seed3_nccl.log | SD-Lora-CL-coordinate/logs/sa_sdlora/cub/0/20/cub_normcap_abl_a1_alignment_only_seed3_nccl_3_vit_base_patch16_224.log
cuda6,SD-Lora-CL-coordinate,SD-Lora-CL-coordinate/cub_normcap_abl_a2_transport_only_seed1_nccl.log,/tmp/cub_normcap_abl_a2_transport_only_seed1_nccl.eSw2CL.json,cub,cub_normcap_abl_a2_transport_only_seed1_nccl.eSw2CL,10,82.810000,87.587000,10.424444,97.740000;87.740000;87.660000;86.300000;84.940000;88.490000;87.580000;86.950000;85.660000;82.810000,100.000000;99.570000;99.370000;99.220000;98.730000;98.360000;98.290000;98.200000;97.810000;97.600000,1787838406,2,SD-Lora-CL-coordinate/cub_normcap_abl_a2_transport_only_seed1_nccl.log | SD-Lora-CL-coordinate/logs/sa_sdlora/cub/0/20/cub_normcap_abl_a2_transport_only_seed1_nccl_1_vit_base_patch16_224.log
cuda6,SD-Lora-CL-coordinate,SD-Lora-CL-coordinate/cub_normcap_abl_a2_transport_only_seed2_nccl.log,/tmp/cub_normcap_abl_a2_transport_only_seed2_nccl.IOSJTc.json,cub,cub_normcap_abl_a2_transport_only_seed2_nccl.IOSJTc,10,79.030000,85.890000,10.423333,97.100000;90.750000;88.780000;84.510000;82.740000;86.920000;84.550000;83.310000;81.210000;79.030000,99.830000;99.570000;99.420000;98.880000;98.340000;97.930000;97.870000;97.530000;97.480000;97.030000,1787843433,2,SD-Lora-CL-coordinate/cub_normcap_abl_a2_transport_only_seed2_nccl.log | SD-Lora-CL-coordinate/logs/sa_sdlora/cub/0/20/cub_normcap_abl_a2_transport_only_seed2_nccl_2_vit_base_patch16_224.log
cuda6,SD-Lora-CL-coordinate,SD-Lora-CL-coordinate/cub_normcap_abl_a2_transport_only_seed3_nccl.log,/tmp/cub_normcap_abl_a2_transport_only_seed3_nccl.n0QzwY.json,cub,cub_normcap_abl_a2_transport_only_seed3_nccl.n0QzwY,10,82.210000,86.710000,9.574444,97.940000;92.150000;89.780000;84.780000;82.340000;85.400000;84.730000;84.540000;83.230000;82.210000,99.830000;99.390000;98.890000;98.780000;98.440000;98.210000;97.920000;97.710000;97.710000;97.500000,1787848356,2,SD-Lora-CL-coordinate/cub_normcap_abl_a2_transport_only_seed3_nccl.log | SD-Lora-CL-coordinate/logs/sa_sdlora/cub/0/20/cub_normcap_abl_a2_transport_only_seed3_nccl_3_vit_base_patch16_224.log
cuda6,SD-Lora-CL-coordinate,SD-Lora-CL-coordinate/cub_normcap_strength_025_seed1_nccl.log,/tmp/cub_normcap_strength_025_seed1_nccl.VBd62e.json,cub,cub_normcap_strength_025_seed1_nccl.VBd62e,10,83.070000,87.568000,10.113333,97.740000;87.740000;87.660000;86.260000;84.840000;88.430000;87.510000;86.820000;85.610000;83.070000,100.000000;99.570000;99.310000;99.220000;98.690000;98.360000;98.260000;98.220000;97.810000;97.600000,1787936057,2,SD-Lora-CL-coordinate/cub_normcap_strength_025_seed1_nccl.log | SD-Lora-CL-coordinate/logs/sa_sdlora/cub/0/20/cub_normcap_strength_025_seed1_nccl_1_vit_base_patch16_224.log
cuda6,SD-Lora-CL-coordinate,SD-Lora-CL-coordinate/cub_normcap_strength_05_seed1_nccl.log,/tmp/cub_normcap_strength_05_seed1_nccl.pQY5Sc.json,cub,cub_normcap_strength_05_seed1_nccl.pQY5Sc,10,83.070000,87.568000,10.113333,97.740000;87.740000;87.660000;86.260000;84.840000;88.430000;87.510000;86.820000;85.610000;83.070000,100.000000;99.570000;99.310000;99.220000;98.690000;98.360000;98.260000;98.220000;97.810000;97.600000,1787937777,2,SD-Lora-CL-coordinate/cub_normcap_strength_05_seed1_nccl.log | SD-Lora-CL-coordinate/logs/sa_sdlora/cub/0/20/cub_normcap_strength_05_seed1_nccl_1_vit_base_patch16_224.log
cuda6,SD-Lora-CL-coordinate,SD-Lora-CL-coordinate/cub_sdlora_seed4_nccl.log,/tmp/cub_sdlora_seed4_nccl.zSIgYP.json,cub,cub_sdlora_seed4_nccl.zSIgYP,10,74.250000,84.556000,14.582222,99.320000;95.130000;90.130000;86.180000;83.000000;82.200000;80.070000;78.140000;77.140000;74.250000,100.000000;99.910000;99.660000;99.440000;98.750000;98.780000;98.590000;98.030000;97.810000;97.100000,1787770757,2,SD-Lora-CL-coordinate/cub_sdlora_seed4_nccl.log | SD-Lora-CL-coordinate/logs/sdlora/cub/0/20/cub_sdlora_seed4_nccl_4_vit_base_patch16_224.log
cuda6,SD-Lora-CL-coordinate,SD-Lora-CL-coordinate/cub_sdlora_seed5_nccl.log,/tmp/cub_sdlora_seed5_nccl.z0Ovri.json,cub,cub_sdlora_seed5_nccl.z0Ovri,10,73.990000,82.485000,9.095556,95.310000;93.250000;87.210000;84.330000;82.110000;78.940000;76.920000;77.040000;75.750000;73.990000,99.830000;99.220000;98.910000;98.670000;98.410000;98.250000;98.010000;97.960000;97.300000;96.930000,1787774287,2,SD-Lora-CL-coordinate/cub_sdlora_seed5_nccl.log | SD-Lora-CL-coordinate/logs/sdlora/cub/0/20/cub_sdlora_seed5_nccl_5_vit_base_patch16_224.log
cuda6,SD-Lora-CL-coordinate,SD-Lora-CL-coordinate/drs_diag_c100_seed1993_nccl.log,exps/drs_diag_c100_seed1993_nccl.json,cifar224,drs_diag_c100_seed1993_nccl,10,88.340000,92.340000,6.366667,97.800000;96.000000;94.370000;93.450000;92.580000;91.630000;91.340000;89.280000;88.610000;88.340000,100.000000;99.750000;99.470000;99.380000;99.400000;99.170000;99.140000;99.120000;98.920000;98.740000,1788250934,2,SD-Lora-CL-coordinate/drs_diag_c100_seed1993_nccl.log | SD-Lora-CL-coordinate/logs/sa_sdlora/cifar224/0/10/drs_diag_c100_seed1993_nccl_1993_vit_base_patch16_224.log
cuda6,SD-Lora-CL-coordinate,SD-Lora-CL-coordinate/drs_diag_cub_seed1_nccl.log,exps/drs_diag_cub_seed1_nccl.json,cub,drs_diag_cub_seed1_nccl,10,83.070000,87.570000,10.112222,97.740000;87.740000;87.660000;86.260000;84.840000;88.430000;87.510000;86.820000;85.630000;83.070000,100.000000;99.570000;99.310000;99.220000;98.690000;98.360000;98.260000;98.220000;97.810000;97.600000,1788256103,2,SD-Lora-CL-coordinate/drs_diag_cub_seed1_nccl.log | SD-Lora-CL-coordinate/logs/sa_sdlora/cub/0/20/drs_diag_cub_seed1_nccl_1_vit_base_patch16_224.log
cuda6,SD-Lora-CL-coordinate,SD-Lora-CL-coordinate/drs_diag_inr_seed1995_nccl.log,exps/drs_diag_inr_seed1995_nccl.json,imagenetr,drs_diag_inr_seed1995_nccl,10,79.210000,83.325000,5.067778,89.550000;87.600000;86.370000;84.540000;83.280000;82.650000;81.000000;80.170000;78.880000;79.210000,97.040000;96.960000;96.340000;95.290000;94.620000;94.110000;93.020000;92.720000;92.010000;92.200000,1788254389,2,SD-Lora-CL-coordinate/drs_diag_inr_seed1995_nccl.log | SD-Lora-CL-coordinate/logs/sa_sdlora/imagenetr/0/20/drs_diag_inr_seed1995_nccl_1995_vit_base_patch16_224.log
cuda6,SD-Lora-CL-coordinate,SD-Lora-CL-coordinate/drs_diag_smoke_c100.log,exps/drs_diag_smoke_c100.json,cifar224,drs_diag_smoke_c100,2,87.240000,89.450000,3.780000,91.660000;87.240000,98.880000;98.390000,1788246747,2,SD-Lora-CL-coordinate/drs_diag_smoke_c100.log | SD-Lora-CL-coordinate/logs/sa_sdlora/cifar224/0/50/drs_diag_smoke_c100_1993_vit_base_patch16_224.log
cuda6,SD-Lora-CL-coordinate,SD-Lora-CL-coordinate/drs_diag_smoke_control_c100.log,/tmp/drs_diag_smoke_control_c100.json,cifar224,drs_diag_smoke_control_c100,2,87.240000,89.450000,3.780000,91.660000;87.240000,98.880000;98.390000,1788230831,2,SD-Lora-CL-coordinate/drs_diag_smoke_control_c100.log | SD-Lora-CL-coordinate/logs/sa_sdlora/cifar224/0/50/drs_diag_smoke_control_c100_1993_vit_base_patch16_224.log
cuda6,SD-Lora-CL-coordinate,SD-Lora-CL-coordinate/inr_abl_freeze_a_seed1_nccl.log,/tmp/inr_abl_freeze_a_seed1_nccl.klaXbv.json,imagenetr,inr_abl_freeze_a_seed1_nccl.klaXbv,10,78.390000,83.524000,6.211111,91.900000;88.810000;86.160000;84.850000;83.670000;81.490000;80.950000;79.940000;79.080000;78.390000,98.240000;96.350000;94.290000;94.000000;93.910000;93.290000;92.860000;92.890000;92.370000;91.730000,1787986683,2,SD-Lora-CL-coordinate/inr_abl_freeze_a_seed1_nccl.log | SD-Lora-CL-coordinate/logs/sa_sdlora/imagenetr/0/20/inr_abl_freeze_a_seed1_nccl_1_vit_base_patch16_224.log
cuda6,SD-Lora-CL-coordinate,SD-Lora-CL-coordinate/inr_abl_freeze_a_seed2_nccl.log,/tmp/inr_abl_freeze_a_seed2_nccl.ighPQD.json,imagenetr,inr_abl_freeze_a_seed2_nccl.ighPQD,10,79.040000,82.584000,7.154444,88.190000;83.350000;84.160000;83.390000;83.610000;82.430000;81.100000;80.340000;80.230000;79.040000,97.260000;94.540000;94.090000;94.440000;94.360000;93.100000;93.110000;92.860000;92.730000;91.880000,1787989975,2,SD-Lora-CL-coordinate/inr_abl_freeze_a_seed2_nccl.log | SD-Lora-CL-coordinate/logs/sa_sdlora/imagenetr/0/20/inr_abl_freeze_a_seed2_nccl_2_vit_base_patch16_224.log
cuda6,SD-Lora-CL-coordinate,SD-Lora-CL-coordinate/inr_abl_freeze_a_seed3_nccl.log,/tmp/inr_abl_freeze_a_seed3_nccl.cGj81G.json,imagenetr,inr_abl_freeze_a_seed3_nccl.cGj81G,10,78.190000,83.257000,8.405556,89.610000;87.790000;86.010000;83.310000;83.950000;81.820000;81.450000;81.000000;79.440000;78.190000,98.160000;96.130000;95.220000;94.440000;94.330000;93.530000;93.410000;93.140000;92.630000;91.980000,1787993242,2,SD-Lora-CL-coordinate/inr_abl_freeze_a_seed3_nccl.log | SD-Lora-CL-coordinate/logs/sa_sdlora/imagenetr/0/20/inr_abl_freeze_a_seed3_nccl_3_vit_base_patch16_224.log
cuda6,SD-Lora-CL-coordinate,SD-Lora-CL-coordinate/inr_abl_shared_a_bank_dual_b_seed1_nccl.log,/tmp/inr_abl_shared_a_bank_dual_b_seed1_nccl.8GYfkS.json,imagenetr,inr_abl_shared_a_bank_dual_b_seed1_nccl.8GYfkS,10,79.040000,83.975000,6.593333,91.550000;89.300000;87.170000;85.060000;84.140000;82.130000;81.330000;80.190000;79.840000;79.040000,98.240000;97.010000;94.960000;94.460000;94.480000;93.260000;93.260000;93.120000;92.520000;91.910000,1788041607,2,SD-Lora-CL-coordinate/inr_abl_shared_a_bank_dual_b_seed1_nccl.log | SD-Lora-CL-coordinate/logs/sa_sdlora/imagenetr/0/20/inr_abl_shared_a_bank_dual_b_seed1_nccl_1_vit_base_patch16_224.log
cuda6,SD-Lora-CL-coordinate,SD-Lora-CL-coordinate/inr_abl_shared_a_bank_dual_b_seed2_nccl.log,/tmp/inr_abl_shared_a_bank_dual_b_seed2_nccl.WNE7VH.json,imagenetr,inr_abl_shared_a_bank_dual_b_seed2_nccl.WNE7VH,10,79.530000,83.071000,8.472222,88.400000;84.620000;84.630000;84.190000;83.870000;82.700000;81.290000;81.010000;80.470000;79.530000,97.050000;94.810000;94.920000;94.520000;94.460000;93.650000;93.280000;92.860000;93.010000;92.300000,1788045222,2,SD-Lora-CL-coordinate/inr_abl_shared_a_bank_dual_b_seed2_nccl.log | SD-Lora-CL-coordinate/logs/sa_sdlora/imagenetr/0/20/inr_abl_shared_a_bank_dual_b_seed2_nccl_2_vit_base_patch16_224.log
cuda6,SD-Lora-CL-coordinate,SD-Lora-CL-coordinate/inr_abl_shared_a_bank_dual_b_seed3_nccl.log,/tmp/inr_abl_shared_a_bank_dual_b_seed3_nccl.vqnmHN.json,imagenetr,inr_abl_shared_a_bank_dual_b_seed3_nccl.vqnmHN,10,78.960000,83.749000,8.790000,89.450000;88.300000;87.510000;83.700000;85.180000;81.980000;81.540000;81.220000;79.650000;78.960000,98.490000;96.800000;95.450000;94.650000;94.720000;93.550000;93.510000;93.450000;92.940000;92.200000,1788048913,2,SD-Lora-CL-coordinate/inr_abl_shared_a_bank_dual_b_seed3_nccl.log | SD-Lora-CL-coordinate/logs/sa_sdlora/imagenetr/0/20/inr_abl_shared_a_bank_dual_b_seed3_nccl_3_vit_base_patch16_224.log
cuda6,SD-Lora-CL-coordinate,SD-Lora-CL-coordinate/inr_abl_transport_always_on_seed1_nccl.log,/tmp/inr_abl_transport_always_on_seed1_nccl.kDqBzj.json,imagenetr,inr_abl_transport_always_on_seed1_nccl.kDqBzj,10,79.190000,84.002000,6.225556,91.900000;88.970000;87.000000;85.020000;84.400000;81.960000;81.400000;80.340000;79.840000;79.190000,98.240000;96.850000;94.730000;94.330000;94.480000;93.490000;93.000000;93.120000;92.570000;92.110000,1788005331,2,SD-Lora-CL-coordinate/inr_abl_transport_always_on_seed1_nccl.log | SD-Lora-CL-coordinate/logs/sa_sdlora/imagenetr/0/20/inr_abl_transport_always_on_seed1_nccl_1_vit_base_patch16_224.log
cuda6,SD-Lora-CL-coordinate,SD-Lora-CL-coordinate/inr_aggregation_bounded_norm_calibrated_seed1_nccl.log,/tmp/inr_aggregation_bounded_norm_calibrated_seed1_nccl.rtmMRN.json,imagenetr,inr_aggregation_bounded_norm_calibrated_seed1_nccl.rtmMRN,10,79.190000,84.002000,6.225556,91.900000;88.970000;87.000000;85.020000;84.400000;81.960000;81.400000;80.340000;79.840000;79.190000,98.240000;96.850000;94.730000;94.330000;94.480000;93.490000;93.000000;93.120000;92.570000;92.110000,1787903936,2,SD-Lora-CL-coordinate/inr_aggregation_bounded_norm_calibrated_seed1_nccl.log | SD-Lora-CL-coordinate/logs/sa_sdlora/imagenetr/0/20/inr_aggregation_bounded_norm_calibrated_seed1_nccl_1_vit_base_patch16_224.log
cuda6,SD-Lora-CL-coordinate,SD-Lora-CL-coordinate/inr_aggregation_normalized_seed1_nccl.log,/tmp/inr_aggregation_normalized_seed1_nccl.Bdwiki.json,imagenetr,inr_aggregation_normalized_seed1_nccl.Bdwiki,10,79.380000,84.046000,5.911111,91.730000;88.810000;87.170000;85.100000;84.300000;82.380000;81.480000;80.380000;79.730000;79.380000,98.240000;96.520000;94.850000;94.460000;94.580000;93.380000;93.240000;93.310000;92.790000;92.050000,1787897371,2,SD-Lora-CL-coordinate/inr_aggregation_normalized_seed1_nccl.log | SD-Lora-CL-coordinate/logs/sa_sdlora/imagenetr/0/20/inr_aggregation_normalized_seed1_nccl_1_vit_base_patch16_224.log
cuda6,SD-Lora-CL-coordinate,SD-Lora-CL-coordinate/inr_aggregation_operator_preserving_seed1_nccl.log,/tmp/inr_aggregation_operator_preserving_seed1_nccl.dcozTH.json,imagenetr,inr_aggregation_operator_preserving_seed1_nccl.dcozTH,10,78.930000,84.060000,6.897778,92.250000;89.970000;87.340000;84.770000;84.170000;82.020000;81.210000;80.320000;79.620000;78.930000,99.300000;96.850000;95.520000;94.540000;94.810000;93.430000;93.120000;93.160000;92.550000;92.150000,1787900632,2,SD-Lora-CL-coordinate/inr_aggregation_operator_preserving_seed1_nccl.log | SD-Lora-CL-coordinate/logs/sa_sdlora/imagenetr/0/20/inr_aggregation_operator_preserving_seed1_nccl_1_vit_base_patch16_224.log
cuda6,SD-Lora-CL-coordinate,SD-Lora-CL-coordinate/inr_coordinate_stable_normcap_seed1_nccl.log,/tmp/inr_coordinate_stable_normcap_seed1_nccl.oI3Lvd.json,imagenetr,inr_coordinate_stable_normcap_seed1_nccl.oI3Lvd,10,79.190000,84.002000,6.225556,91.900000;88.970000;87.000000;85.020000;84.400000;81.960000;81.400000;80.340000;79.840000;79.190000,98.240000;96.850000;94.730000;94.330000;94.480000;93.490000;93.000000;93.120000;92.570000;92.110000,1787730523,2,SD-Lora-CL-coordinate/inr_coordinate_stable_normcap_seed1_nccl.log | SD-Lora-CL-coordinate/logs/sa_sdlora/imagenetr/0/20/inr_coordinate_stable_normcap_seed1_nccl_1_vit_base_patch16_224.log
cuda6,SD-Lora-CL-coordinate,SD-Lora-CL-coordinate/inr_coordinate_stable_normcap_seed2_nccl.log,/tmp/inr_coordinate_stable_normcap_seed2_nccl.AfAGxf.json,imagenetr,inr_coordinate_stable_normcap_seed2_nccl.AfAGxf,10,79.810000,83.163000,7.740000,88.190000;83.890000;84.570000;84.190000;83.670000;83.280000;81.960000;81.070000;81.000000;79.810000,97.260000;94.900000;94.560000;94.650000;94.460000;93.900000;93.400000;93.150000;93.350000;92.550000,1787733834,2,SD-Lora-CL-coordinate/inr_coordinate_stable_normcap_seed2_nccl.log | SD-Lora-CL-coordinate/logs/sa_sdlora/imagenetr/0/20/inr_coordinate_stable_normcap_seed2_nccl_2_vit_base_patch16_224.log
cuda6,SD-Lora-CL-coordinate,SD-Lora-CL-coordinate/inr_coordinate_stable_normcap_seed3_nccl.log,/tmp/inr_coordinate_stable_normcap_seed3_nccl.rfTN6D.json,imagenetr,inr_coordinate_stable_normcap_seed3_nccl.rfTN6D,10,79.190000,83.769000,8.040000,89.610000;87.960000;86.790000;83.480000;84.630000;82.260000;81.890000;81.570000;80.310000;79.190000,98.160000;96.550000;95.560000;94.570000;94.560000;93.580000;93.580000;93.290000;93.010000;92.330000,1787737197,2,SD-Lora-CL-coordinate/inr_coordinate_stable_normcap_seed3_nccl.log | SD-Lora-CL-coordinate/logs/sa_sdlora/imagenetr/0/20/inr_coordinate_stable_normcap_seed3_nccl_3_vit_base_patch16_224.log
cuda6,SD-Lora-CL-coordinate,SD-Lora-CL-coordinate/inr_coordinate_stable_normcap_seed4_nccl.log,/tmp/inr_coordinate_stable_normcap_seed4_nccl.N6tFiQ.json,imagenetr,inr_coordinate_stable_normcap_seed4_nccl.N6tFiQ,10,79.140000,82.938000,5.526667,86.750000;85.730000;85.620000;84.970000;83.260000;82.190000;81.380000;80.240000;80.100000;79.140000,96.360000;94.900000;94.690000;94.350000;94.030000;93.810000;93.040000;92.370000;92.520000;92.310000,1787763915,2,SD-Lora-CL-coordinate/inr_coordinate_stable_normcap_seed4_nccl.log | SD-Lora-CL-coordinate/logs/sa_sdlora/imagenetr/0/20/inr_coordinate_stable_normcap_seed4_nccl_4_vit_base_patch16_224.log
cuda6,SD-Lora-CL-coordinate,SD-Lora-CL-coordinate/inr_coordinate_stable_normcap_seed5_nccl.log,/tmp/inr_coordinate_stable_normcap_seed5_nccl.SGwfmg.json,imagenetr,inr_coordinate_stable_normcap_seed5_nccl.SGwfmg,10,79.730000,83.403000,5.824444,88.460000;87.640000;85.600000;84.650000;84.450000;81.690000;81.160000;80.790000;79.860000;79.730000,96.630000;96.320000;95.350000;95.230000;94.750000;93.430000;93.050000;92.780000;92.650000;92.280000,1787767231,2,SD-Lora-CL-coordinate/inr_coordinate_stable_normcap_seed5_nccl.log | SD-Lora-CL-coordinate/logs/sa_sdlora/imagenetr/0/20/inr_coordinate_stable_normcap_seed5_nccl_5_vit_base_patch16_224.log
cuda6,SD-Lora-CL-coordinate,SD-Lora-CL-coordinate/inr_coordinate_stable_opabsorb_seed1995_nccl.log,./exps/inr_coordinate_stable_opabsorb_seed1995_nccl.json,imagenetr,inr_coordinate_stable_opabsorb_seed1995_nccl,10,78.940000,83.655000,6.284444,92.360000;88.660000;87.390000;84.920000;83.610000;82.070000;80.540000;80.130000;77.930000;78.940000,98.440000;97.260000;96.390000;95.020000;94.390000;94.220000;93.310000;92.810000;91.440000;91.910000,1787673868,2,SD-Lora-CL-coordinate/inr_coordinate_stable_opabsorb_seed1995_nccl.log | SD-Lora-CL-coordinate/logs/sa_sdlora/imagenetr/0/20/inr_coordinate_stable_opabsorb_seed1995_nccl_1995_vit_base_patch16_224.log
cuda6,SD-Lora-CL-coordinate,SD-Lora-CL-coordinate/inr_coordinate_stable_opabsorb_seed1_nccl.log,/tmp/inr_coordinate_stable_opabsorb_seed1_nccl.Gg4goE.json,imagenetr,inr_coordinate_stable_opabsorb_seed1_nccl.Gg4goE,10,78.840000,83.972000,6.900000,92.250000;89.880000;87.060000;85.020000;84.170000;81.710000;81.190000;80.210000;79.390000;78.840000,99.300000;97.010000;95.460000;94.590000;94.750000;93.350000;93.210000;93.100000;92.610000;92.010000,1787690094,2,SD-Lora-CL-coordinate/inr_coordinate_stable_opabsorb_seed1_nccl.log | SD-Lora-CL-coordinate/logs/sa_sdlora/imagenetr/0/20/inr_coordinate_stable_opabsorb_seed1_nccl_1_vit_base_patch16_224.log
cuda6,SD-Lora-CL-coordinate,SD-Lora-CL-coordinate/inr_coordinate_stable_opabsorb_seed2_nccl.log,/tmp/inr_coordinate_stable_opabsorb_seed2_nccl.Ip96Sx.json,imagenetr,inr_coordinate_stable_opabsorb_seed2_nccl.Ip96Sx,10,79.060000,82.874000,8.441111,88.400000;84.260000;84.630000;83.810000;83.840000;82.460000;81.260000;80.490000;80.530000;79.060000,97.260000;95.090000;94.680000;94.690000;94.290000;93.870000;93.200000;92.880000;93.100000;92.260000,1787693364,2,SD-Lora-CL-coordinate/inr_coordinate_stable_opabsorb_seed2_nccl.log | SD-Lora-CL-coordinate/logs/sa_sdlora/imagenetr/0/20/inr_coordinate_stable_opabsorb_seed2_nccl_2_vit_base_patch16_224.log
cuda6,SD-Lora-CL-coordinate,SD-Lora-CL-coordinate/inr_coordinate_stable_opabsorb_seed3_nccl.log,/tmp/inr_coordinate_stable_opabsorb_seed3_nccl.S6muH0.json,imagenetr,inr_coordinate_stable_opabsorb_seed3_nccl.S6muH0,10,78.790000,84.115000,9.054444,91.790000;88.380000;87.670000;84.650000;84.470000;81.870000;81.630000;81.370000;80.530000;78.790000,98.990000;96.970000;95.720000;94.910000;94.500000;93.550000;93.600000;93.120000;92.980000;91.850000,1787696705,2,SD-Lora-CL-coordinate/inr_coordinate_stable_opabsorb_seed3_nccl.log | SD-Lora-CL-coordinate/logs/sa_sdlora/imagenetr/0/20/inr_coordinate_stable_opabsorb_seed3_nccl_3_vit_base_patch16_224.log
cuda6,SD-Lora-CL-coordinate,SD-Lora-CL-coordinate/inr_coordinate_stable_seed1995_nccl.log,./exps/inr_coordinate_stable_seed1995_nccl.json,imagenetr,inr_coordinate_stable_seed1995_nccl,10,79.080000,83.476000,5.354444,89.700000;88.050000;86.780000;84.690000;83.380000;82.890000;81.160000;80.150000;78.880000;79.080000,97.040000;97.340000;96.240000;95.370000;94.620000;94.240000;93.260000;92.680000;92.040000;92.250000,1787566433,2,SD-Lora-CL-coordinate/inr_coordinate_stable_seed1995_nccl.log | SD-Lora-CL-coordinate/logs/sa_sdlora/imagenetr/0/20/inr_coordinate_stable_seed1995_nccl_1995_vit_base_patch16_224.log
cuda6,SD-Lora-CL-coordinate,SD-Lora-CL-coordinate/inr_coordinate_stable_seed1_nccl.log,/tmp/inr_coordinate_stable_seed1_nccl.ARwbSN.json,imagenetr,inr_coordinate_stable_seed1_nccl.ARwbSN,10,79.240000,84.090000,6.216667,91.730000;89.050000;87.340000;85.270000;84.270000;82.130000;81.480000;80.480000;79.910000;79.240000,98.240000;96.680000;94.850000;94.500000;94.510000;93.380000;93.380000;93.410000;92.830000;92.080000,1787585939,2,SD-Lora-CL-coordinate/inr_coordinate_stable_seed1_nccl.log | SD-Lora-CL-coordinate/logs/sa_sdlora/imagenetr/0/20/inr_coordinate_stable_seed1_nccl_1_vit_base_patch16_224.log
cuda6,SD-Lora-CL-coordinate,SD-Lora-CL-coordinate/inr_coordinate_stable_seed2_nccl.log,/tmp/inr_coordinate_stable_seed2_nccl.H8lcIN.json,imagenetr,inr_coordinate_stable_seed2_nccl.H8lcIN,10,79.740000,83.211000,7.925556,88.400000;84.350000;84.630000;84.360000;84.200000;83.030000;81.770000;81.030000;80.600000;79.740000,97.050000;95.000000;94.620000;94.390000;94.530000;93.790000;93.660000;93.340000;93.250000;92.500000,1787589288,2,SD-Lora-CL-coordinate/inr_coordinate_stable_seed2_nccl.log | SD-Lora-CL-coordinate/logs/sa_sdlora/imagenetr/0/20/inr_coordinate_stable_seed2_nccl_2_vit_base_patch16_224.log
cuda6,SD-Lora-CL-coordinate,SD-Lora-CL-coordinate/inr_coordinate_stable_seed3_nccl.log,/tmp/inr_coordinate_stable_seed3_nccl.JGx28D.json,imagenetr,inr_coordinate_stable_seed3_nccl.JGx28D,10,79.040000,83.842000,8.505556,89.450000;88.130000;87.060000;83.740000;84.700000;82.260000;82.230000;81.430000;80.380000;79.040000,98.320000;96.550000;95.500000;94.830000;94.500000;93.690000;93.530000;93.430000;92.900000;92.400000,1787592579,2,SD-Lora-CL-coordinate/inr_coordinate_stable_seed3_nccl.log | SD-Lora-CL-coordinate/logs/sa_sdlora/imagenetr/0/20/inr_coordinate_stable_seed3_nccl_3_vit_base_patch16_224.log
cuda6,SD-Lora-CL-coordinate,SD-Lora-CL-coordinate/inr_normcap_abl_a0_no_alignment_no_transport_seed1_nccl.log,/tmp/inr_normcap_abl_a0_no_alignment_no_transport_seed1_nccl.bpWViZ.json,imagenetr,inr_normcap_abl_a0_no_alignment_no_transport_seed1_nccl.bpWViZ,10,78.960000,83.925000,6.658889,91.900000;89.140000;87.110000;85.230000;84.640000;81.630000;81.330000;79.800000;79.510000;78.960000,98.240000;96.930000;94.730000;94.500000;94.610000;93.380000;93.170000;93.200000;92.630000;92.060000,1787808723,2,SD-Lora-CL-coordinate/inr_normcap_abl_a0_no_alignment_no_transport_seed1_nccl.log | SD-Lora-CL-coordinate/logs/sa_sdlora/imagenetr/0/20/inr_normcap_abl_a0_no_alignment_no_transport_seed1_nccl_1_vit_base_patch16_224.log
cuda6,SD-Lora-CL-coordinate,SD-Lora-CL-coordinate/inr_normcap_abl_a0_no_alignment_no_transport_seed2_nccl.log,/tmp/inr_normcap_abl_a0_no_alignment_no_transport_seed2_nccl.teLWTa.json,imagenetr,inr_normcap_abl_a0_no_alignment_no_transport_seed2_nccl.teLWTa,10,79.460000,82.966000,8.141111,88.190000;83.710000;84.570000;84.190000;84.170000;82.900000;81.260000;80.700000;80.510000;79.460000,97.260000;94.900000;94.740000;94.390000;94.530000;93.680000;93.230000;92.940000;92.970000;92.360000,1787817940,2,SD-Lora-CL-coordinate/inr_normcap_abl_a0_no_alignment_no_transport_seed2_nccl.log | SD-Lora-CL-coordinate/logs/sa_sdlora/imagenetr/0/20/inr_normcap_abl_a0_no_alignment_no_transport_seed2_nccl_2_vit_base_patch16_224.log
cuda6,SD-Lora-CL-coordinate,SD-Lora-CL-coordinate/inr_normcap_abl_a0_no_alignment_no_transport_seed3_nccl.log,/tmp/inr_normcap_abl_a0_no_alignment_no_transport_seed3_nccl.Qh2MjJ.json,imagenetr,inr_normcap_abl_a0_no_alignment_no_transport_seed3_nccl.Qh2MjJ,10,78.760000,83.660000,8.628889,89.610000;87.880000;86.950000;83.530000;84.760000;82.150000;81.750000;81.200000;80.010000;78.760000,98.160000;96.550000;95.610000;94.610000;94.400000;93.640000;93.600000;93.410000;93.100000;92.110000,1787827160,2,SD-Lora-CL-coordinate/inr_normcap_abl_a0_no_alignment_no_transport_seed3_nccl.log | SD-Lora-CL-coordinate/logs/sa_sdlora/imagenetr/0/20/inr_normcap_abl_a0_no_alignment_no_transport_seed3_nccl_3_vit_base_patch16_224.log
cuda6,SD-Lora-CL-coordinate,SD-Lora-CL-coordinate/inr_normcap_abl_a1_alignment_only_seed1_nccl.log,/tmp/inr_normcap_abl_a1_alignment_only_seed1_nccl.DhrgKa.json,imagenetr,inr_normcap_abl_a1_alignment_only_seed1_nccl.DhrgKa,10,78.990000,83.832000,6.492222,91.900000;88.970000;87.000000;85.060000;84.400000;81.600000;80.980000;79.940000;79.480000;78.990000,98.240000;96.850000;94.730000;94.330000;94.510000;93.320000;93.190000;93.080000;92.500000;92.010000,1787811658,2,SD-Lora-CL-coordinate/inr_normcap_abl_a1_alignment_only_seed1_nccl.log | SD-Lora-CL-coordinate/logs/sa_sdlora/imagenetr/0/20/inr_normcap_abl_a1_alignment_only_seed1_nccl_1_vit_base_patch16_224.log
cuda6,SD-Lora-CL-coordinate,SD-Lora-CL-coordinate/inr_normcap_abl_a1_alignment_only_seed2_nccl.log,/tmp/inr_normcap_abl_a1_alignment_only_seed2_nccl.tgRce6.json,imagenetr,inr_normcap_abl_a1_alignment_only_seed2_nccl.tgRce6,10,79.480000,82.999000,8.148889,88.190000;83.890000;84.630000;84.110000;83.670000;82.980000;81.770000;80.800000;80.470000;79.480000,97.260000;94.900000;94.560000;94.650000;94.460000;93.680000;93.370000;92.820000;92.860000;92.300000,1787820905,2,SD-Lora-CL-coordinate/inr_normcap_abl_a1_alignment_only_seed2_nccl.log | SD-Lora-CL-coordinate/logs/sa_sdlora/imagenetr/0/20/inr_normcap_abl_a1_alignment_only_seed2_nccl_2_vit_base_patch16_224.log
cuda6,SD-Lora-CL-coordinate,SD-Lora-CL-coordinate/inr_normcap_abl_a1_alignment_only_seed3_nccl.log,/tmp/inr_normcap_abl_a1_alignment_only_seed3_nccl.U79CYZ.json,imagenetr,inr_normcap_abl_a1_alignment_only_seed3_nccl.U79CYZ,10,78.660000,83.612000,8.631111,89.610000;87.960000;86.840000;83.480000;84.630000;82.150000;81.540000;81.290000;79.960000;78.660000,98.160000;96.550000;95.560000;94.520000;94.630000;93.440000;93.440000;93.290000;92.880000;92.100000,1787830111,2,SD-Lora-CL-coordinate/inr_normcap_abl_a1_alignment_only_seed3_nccl.log | SD-Lora-CL-coordinate/logs/sa_sdlora/imagenetr/0/20/inr_normcap_abl_a1_alignment_only_seed3_nccl_3_vit_base_patch16_224.log
cuda6,SD-Lora-CL-coordinate,SD-Lora-CL-coordinate/inr_normcap_abl_a2_transport_only_seed1_nccl.log,/tmp/inr_normcap_abl_a2_transport_only_seed1_nccl.Lt91KG.json,imagenetr,inr_normcap_abl_a2_transport_only_seed1_nccl.Lt91KG,10,79.330000,84.104000,6.116667,91.900000;89.140000;87.110000;85.270000;84.670000;81.850000;81.520000;80.360000;79.890000;79.330000,98.240000;96.930000;94.730000;94.500000;94.550000;93.570000;93.400000;93.200000;92.790000;92.180000,1787815009,2,SD-Lora-CL-coordinate/inr_normcap_abl_a2_transport_only_seed1_nccl.log | SD-Lora-CL-coordinate/logs/sa_sdlora/imagenetr/0/20/inr_normcap_abl_a2_transport_only_seed1_nccl_1_vit_base_patch16_224.log
cuda6,SD-Lora-CL-coordinate,SD-Lora-CL-coordinate/inr_normcap_abl_a2_transport_only_seed2_nccl.log,/tmp/inr_normcap_abl_a2_transport_only_seed2_nccl.KDTUJV.json,imagenetr,inr_normcap_abl_a2_transport_only_seed2_nccl.KDTUJV,10,79.610000,83.089000,7.853333,88.190000;83.710000;84.570000;84.150000;84.100000;83.090000;81.570000;81.030000;80.870000;79.610000,97.260000;94.900000;94.740000;94.440000;94.490000;93.870000;93.660000;93.210000;93.290000;92.530000,1787824202,2,SD-Lora-CL-coordinate/inr_normcap_abl_a2_transport_only_seed2_nccl.log | SD-Lora-CL-coordinate/logs/sa_sdlora/imagenetr/0/20/inr_normcap_abl_a2_transport_only_seed2_nccl_2_vit_base_patch16_224.log
cuda6,SD-Lora-CL-coordinate,SD-Lora-CL-coordinate/inr_normcap_abl_a2_transport_only_seed3_nccl.log,/tmp/inr_normcap_abl_a2_transport_only_seed3_nccl.PLzT4I.json,imagenetr,inr_normcap_abl_a2_transport_only_seed3_nccl.PLzT4I,10,79.160000,83.816000,8.170000,89.610000;87.880000;86.950000;83.480000;84.790000;82.180000;82.090000;81.450000;80.570000;79.160000,98.160000;96.550000;95.560000;94.610000;94.400000;93.720000;93.580000;93.410000;93.050000;92.430000,1787833423,2,SD-Lora-CL-coordinate/inr_normcap_abl_a2_transport_only_seed3_nccl.log | SD-Lora-CL-coordinate/logs/sa_sdlora/imagenetr/0/20/inr_normcap_abl_a2_transport_only_seed3_nccl_3_vit_base_patch16_224.log
cuda6,SD-Lora-CL-coordinate,SD-Lora-CL-coordinate/inr_normcap_strength_025_seed1_nccl.log,/tmp/inr_normcap_strength_025_seed1_nccl.agRw97.json,imagenetr,inr_normcap_strength_025_seed1_nccl.agRw97,10,79.210000,84.091000,6.426667,91.900000;90.130000;87.340000;84.930000;84.370000;81.960000;81.400000;80.070000;79.600000;79.210000,98.940000;96.850000;95.290000;94.330000;94.510000;93.520000;93.360000;93.350000;92.570000;92.010000,1787931022,2,SD-Lora-CL-coordinate/inr_normcap_strength_025_seed1_nccl.log | SD-Lora-CL-coordinate/logs/sa_sdlora/imagenetr/0/20/inr_normcap_strength_025_seed1_nccl_1_vit_base_patch16_224.log
cuda6,SD-Lora-CL-coordinate,SD-Lora-CL-coordinate/inr_normcap_strength_05_seed1_nccl.log,/tmp/inr_normcap_strength_05_seed1_nccl.MpcmjS.json,imagenetr,inr_normcap_strength_05_seed1_nccl.MpcmjS,10,79.130000,84.078000,6.474444,91.900000;89.800000;87.230000;84.770000;84.200000;81.960000;81.600000;80.300000;79.890000;79.130000,98.590000;97.100000;95.290000;94.540000;94.680000;93.400000;93.430000;93.310000;92.790000;92.030000,1787934335,2,SD-Lora-CL-coordinate/inr_normcap_strength_05_seed1_nccl.log | SD-Lora-CL-coordinate/logs/sa_sdlora/imagenetr/0/20/inr_normcap_strength_05_seed1_nccl_1_vit_base_patch16_224.log
cuda6,SD-Lora-CL-coordinate,SD-Lora-CL-coordinate/logs/sa_sdlora/cifar224/0/50/normcap_a0_rebuild_smoke_4243_vit_base_patch16_224.log,/tmp/normcap_a0_rebuild_smoke.json,cifar224,normcap_a0_rebuild_smoke,2,87.180000,89.400000,6.520000,91.620000;87.180000,99.000000;98.450000,1787753073,2,SD-Lora-CL-coordinate/logs/sa_sdlora/cifar224/0/50/normcap_a0_rebuild_smoke_4243_vit_base_patch16_224.log | SD-Lora-CL-coordinate/normcap_a0_rebuild_smoke.log
cuda6,SD-Lora-CL-transport-comparison,SD-Lora-CL-transport-comparison/c100_transport_cmp_full_orthogonal_seed1993_nccl.log,/tmp/c100_transport_cmp_full_orthogonal_seed1993_nccl.pQ2t6w.json,cifar224,c100_transport_cmp_full_orthogonal_seed1993_nccl.pQ2t6w,10,88.840000,92.558000,5.166667,97.800000;96.000000;94.370000;93.480000;92.640000;91.930000;91.570000;89.840000;89.110000;88.840000,100.000000;99.750000;99.470000;99.380000;99.400000;99.100000;99.070000;99.160000;98.970000;98.720000,1788306500,2,SD-Lora-CL-transport-comparison/c100_transport_cmp_full_orthogonal_seed1993_nccl.log | SD-Lora-CL-transport-comparison/logs/sa_sdlora/cifar224/0/10/c100_transport_cmp_full_orthogonal_seed1993_nccl_1993_vit_base_patch16_224.log
cuda6,SD-Lora-CL-transport-comparison,SD-Lora-CL-transport-comparison/c100_transport_cmp_ldc_linear_seed1993_nccl.log,/tmp/c100_transport_cmp_ldc_linear_seed1993_nccl.feZ3W3.json,cifar224,c100_transport_cmp_ldc_linear_seed1993_nccl.feZ3W3,10,88.490000,92.450000,5.355556,97.800000;96.000000;94.370000;93.450000;92.640000;91.870000;91.300000;89.580000;89.000000;88.490000,100.000000;99.750000;99.470000;99.380000;99.400000;99.130000;99.040000;99.090000;98.930000;98.710000,1788301406,2,SD-Lora-CL-transport-comparison/c100_transport_cmp_ldc_linear_seed1993_nccl.log | SD-Lora-CL-transport-comparison/logs/sa_sdlora/cifar224/0/10/c100_transport_cmp_ldc_linear_seed1993_nccl_1993_vit_base_patch16_224.log
cuda6,SD-Lora-CL-transport-comparison,SD-Lora-CL-transport-comparison/c100_transport_cmp_lowrank_orthogonal_seed1993_nccl.log,/tmp/c100_transport_cmp_lowrank_orthogonal_seed1993_nccl.KNtidZ.json,cifar224,c100_transport_cmp_lowrank_orthogonal_seed1993_nccl.KNtidZ,10,88.340000,92.340000,6.366667,97.800000;96.000000;94.370000;93.450000;92.580000;91.630000;91.340000;89.280000;88.610000;88.340000,100.000000;99.750000;99.470000;99.380000;99.400000;99.170000;99.140000;99.120000;98.920000;98.740000,1788311621,2,SD-Lora-CL-transport-comparison/c100_transport_cmp_lowrank_orthogonal_seed1993_nccl.log | SD-Lora-CL-transport-comparison/logs/sa_sdlora/cifar224/0/10/c100_transport_cmp_lowrank_orthogonal_seed1993_nccl_1993_vit_base_patch16_224.log
cuda6,SD-Lora-CL-transport-comparison,SD-Lora-CL-transport-comparison/c100_transport_cmp_none_seed1993_nccl.log,/tmp/c100_transport_cmp_none_seed1993_nccl.dWNBLS.json,cifar224,c100_transport_cmp_none_seed1993_nccl.dWNBLS,10,87.860000,92.044000,7.211111,97.800000;96.000000;94.400000;93.480000;92.480000;91.270000;91.010000;88.500000;87.640000;87.860000,100.000000;99.750000;99.470000;99.380000;99.400000;99.130000;99.100000;99.020000;98.790000;98.690000,1788290927,2,SD-Lora-CL-transport-comparison/c100_transport_cmp_none_seed1993_nccl.log | SD-Lora-CL-transport-comparison/logs/sa_sdlora/cifar224/0/10/c100_transport_cmp_none_seed1993_nccl_1993_vit_base_patch16_224.log
cuda6,SD-Lora-CL-transport-comparison,SD-Lora-CL-transport-comparison/c100_transport_cmp_sdc_seed1993_nccl.log,/tmp/c100_transport_cmp_sdc_seed1993_nccl.eie5iw.json,cifar224,c100_transport_cmp_sdc_seed1993_nccl.eie5iw,10,88.850000,92.557000,5.411111,97.800000;96.000000;94.370000;93.450000;92.660000;92.000000;91.560000;89.820000;89.060000;88.850000,100.000000;99.750000;99.470000;99.380000;99.400000;99.170000;99.140000;99.120000;98.920000;98.750000,1788296156,2,SD-Lora-CL-transport-comparison/c100_transport_cmp_sdc_seed1993_nccl.log | SD-Lora-CL-transport-comparison/logs/sa_sdlora/cifar224/0/10/c100_transport_cmp_sdc_seed1993_nccl_1993_vit_base_patch16_224.log
cuda6,SD-Lora-CL-transport-comparison,SD-Lora-CL-transport-comparison/logs/sa_sdlora/cifar224/0/50/transport_cmp_ldc_smoke_c100_r2_1993_vit_base_patch16_224.log,/tmp/transport_cmp_ldc_smoke_c100_r2.json,cifar224,transport_cmp_ldc_smoke_c100_r2,2,87.600000,89.480000,1.920000,91.360000;87.600000,98.720000;98.400000,1788268987,2,SD-Lora-CL-transport-comparison/logs/sa_sdlora/cifar224/0/50/transport_cmp_ldc_smoke_c100_r2_1993_vit_base_patch16_224.log | SD-Lora-CL-transport-comparison/transport_cmp_ldc_smoke_c100_r2.log
